Workbook

Sheet Form Responses 1
A1: Timestamp | B1: First name | C1: Last name | D1: Pitt email address | E1: Top choices [CS 0007] | F1: Top choices [CS 0011/0012] | G1: Top choices [CMPINF 0401] | H1: Top choices [CS 0441] | I1: Top choices [CS 0445] | J1: Top choices [CS 0447] | K1: Top choices [CS 0449] | L1: Top choices [CS 0590] | M1: Top choices [CS 1501] | N1: Top choices [CS 1502] | O1: Top choices [CS 1503] | P1: Top choices [CS 1510/2012] | Q1: Top choices [CS 1520] | R1: Top choices [CS 1530] | S1: Top choices [CS 1550] | T1: Top choices [CS 1555/2055] | U1: Top choices [CS 1566] | V1: Top choices [CS 1571] | W1: Top choices [CS 1632] | X1: Top choices [CS 1635/2035] | Y1: Top choices [CS 1980/1640] | Z1: Top choices [CS 1656] | AA1: Top choices [CS 1660/2060] | AB1: Top choices [CS 1666] | AC1: Top choices [CS 1671/2071] | AD1: Top choices [CS 1674/2074] | AE1: Top choices [CS 1675/2075] | AF1: Top choices [CS 1684/2084] | AG1: Top choices [CS 1699] | AH1: Top choices [CS 1900/1950] | AI1: Top choices [CS 2210] | AJ1: Top choices [CS 2520] | AK1: Top choices [CS 2710] | AL1: Top choices [CS 2731] | AM1: Top choices [CS 2750] | AN1: Top choices [CS 2893] | AO1: Topic Areas [Introductory programming (could be Python or Java)] | AP1: Topic Areas [Core programming in Java] | AQ1: Topic Areas [Computer systems/architecture] | AR1: Topic Areas [Theory and mathematical foundations] | AS1: Topic Areas [Programming practice and software engineering] | AT1: Topic Areas [Artificial intelligence and machine learning] | AU1: Topic Areas [Security and networks] | AV1: Topic Areas [Data management and organization] | AW1: Scheduling constraints | AX1: Courses constraints | AY1: Goals | AZ1: Anything else we should know? For example: courses that you wish to avoid (explain!), etc.
A2: 46246.533 | B2: A | C2: Y | D2: a@pitt.edu | E2: Third Choice Group | F2: Third Choice Group | G2: Third Choice Group | H2: Third Choice Group | I2: Third Choice Group | J2: Third Choice Group | K2: Third Choice Group | L2: Third Choice Group | M2: Third Choice Group | N2: Third Choice Group | O2: Third Choice Group | P2: Third Choice Group | Q2: Third Choice Group | R2: Third Choice Group | S2: Third Choice Group | T2: Third Choice Group | U2: Third Choice Group | V2: Third Choice Group | W2: Third Choice Group | X2: First Choice Group | Y2: Third Choice Group | Z2: First Choice Group | AA2: Third Choice Group | AB2: Third Choice Group | AC2: First Choice Group | AD2: First Choice Group | AE2: First Choice Group | AF2: First Choice Group | AG2: Second Choice | AH2: Third Choice Group | AI2: Third Choice Group | AJ2: Third Choice Group | AK2: First Choice Group | AL2: First Choice Group | AM2: First Choice Group | AN2: Third Choice Group | AO2: Excellent | AP2: Excellent | AQ2: Unsatisfactory | AR2: Unsatisfactory | AS2: Strong | AT2: Excellent | AU2: Satisfactory | AV2: Strong | AW2: Friday 12-4PM | AX2: N/A | AY2: Funding, Teaching experience | AZ2: CS1503 or 1555 since I find it hard to work with Dr Marina Barsky - great person, but hard to work with because it’s very hard to convince her on any changes on course structure
A3: 46246.557 | B3: B | C3: Z | D3: b@pitt.edu | E3: First Choice Group | F3: First Choice Group | G3: First Choice Group | H3: First Choice Group | I3: First Choice Group | J3: Third Choice Group | K3: First Choice Group | L3: Third Choice Group | M3: First Choice Group | N3: Third Choice Group | O3: Third Choice Group | P3: First Choice Group | Q3: First Choice Group | R3: Third Choice Group | S3: First Choice Group | T3: First Choice Group | U3: Third Choice Group | V3: Third Choice Group | W3: Third Choice Group | X3: Third Choice Group | Y3: Third Choice Group | Z3: First Choice Group | AA3: Second Choice | AB3: Second Choice | AC3: Second Choice | AD3: Second Choice | AE3: Second Choice | AF3: Second Choice | AG3: Second Choice | AH3: Second Choice | AI3: Third Choice Group | AJ3: Second Choice | AK3: Second Choice | AL3: Second Choice | AM3: Second Choice | AN3: Third Choice Group | AO3: Strong | AP3: Strong | AQ3: Satisfactory | AR3: Unsatisfactory | AS3: Strong | AT3: Strong | AU3: Strong | AV3: Strong | AW3: Monday: 11:00 AM–12:15 PM; 6:00–8:30 PM Tuesday: 1:00–1:30 PM; 4:00–5:15 PM Wednesday: 11:00 AM–12:15 PM Thursday: 4:00–5:15 PM Friday: 1:00–1:30 PM | AX3: CS 2710: Foundations of Artificial Intelligence CS 2750: Machine Learning CS 2893: Modern Quantum Computing CS 2990: Independent Study | AY3: Funding, Learn a new topic | AZ3: Avoid theory topic; Not interested in teaching ; Thank you very much! ;)
A4: 46246.558 | B4: C | C4: A | D4: c@pitt.edu | E4: Third Choice Group | F4: Third Choice Group | G4: Third Choice Group | H4: Third Choice Group | I4: Second Choice | J4: Third Choice Group | K4: Third Choice Group | L4: Third Choice Group | M4: Third Choice Group | N4: Third Choice Group | O4: Third Choice Group | P4: Third Choice Group | Q4: Second Choice | R4: Third Choice Group | S4: Second Choice | T4: Third Choice Group | U4: Third Choice Group | V4: Third Choice Group | W4: Third Choice Group | X4: Third Choice Group | Y4: Third Choice Group | Z4: First Choice Group | AA4: Third Choice Group | AB4: Third Choice Group | AC4: Third Choice Group | AD4: Third Choice Group | AE4: Third Choice Group | AF4: Third Choice Group | AG4: Third Choice Group | AH4: Third Choice Group | AI4: Third Choice Group | AJ4: Third Choice Group | AK4: Third Choice Group | AL4: Third Choice Group | AM4: Third Choice Group | AN4: Third Choice Group | AO4: Excellent | AP4: Excellent | AQ4: Strong | AR4: Unsatisfactory | AS4: Excellent | AT4: Strong | AU4: Satisfactory | AV4: Excellent | AW4: No real constraints | AX4: No conflicts | AY4: Funding, Teaching experience | AZ4: If there are multiple sections of cs1656, I prefer to be assigned to the one of Dr. Labrinidis
A5: 46246.573 | B5: D | C5: B | D5: d@pitt.edu | E5: First Choice Group | F5: First Choice Group | G5: First Choice Group | H5: First Choice Group | I5: Cannot TA Group (explain below) | J5: Cannot TA Group (explain below) | K5: Cannot TA Group (explain below) | L5: First Choice Group | M5: Cannot TA Group (explain below) | N5: Cannot TA Group (explain below) | O5: First Choice Group | P5: Cannot TA Group (explain below) | Q5: First Choice Group | R5: First Choice Group | S5: Cannot TA Group (explain below) | T5: Cannot TA Group (explain below) | U5: Cannot TA Group (explain below) | V5: First Choice Group | W5: First Choice Group | X5: First Choice Group | Y5: First Choice Group | Z5: First Choice Group | AA5: First Choice Group | AB5: First Choice Group | AC5: First Choice Group | AD5: First Choice Group | AE5: First Choice Group | AF5: First Choice Group | AG5: First Choice Group | AH5: First Choice Group | AI5: Cannot TA Group (explain below) | AJ5: Cannot TA Group (explain below) | AK5: First Choice Group | AL5: First Choice Group | AM5: First Choice Group | AN5: Cannot TA Group (explain below) | AO5: Excellent | AP5: Excellent | AQ5: Unsatisfactory | AR5: Unsatisfactory | AS5: Unsatisfactory | AT5: Excellent | AU5: Unsatisfactory | AV5: Unsatisfactory | AW5: Not available Monday Tuesday Wednesday (all day); only available Thursday afternoon and Friday (all day) | AX5: Cannot do algorithms, systems or architecture courses; only can do introductory programing courses | AY5: Funding, Teaching experience, Improve public speaking or other skills | AZ5: definitely want to avoid - assembly language, architecture, formal methods, algorithms, systems courses; prefer intro programming, data science, hci or ai courses!
A6: 46246.574 | B6: E | C6: C | D6: e@pitt.edu | E6: Third Choice Group | F6: Third Choice Group | G6: Third Choice Group | H6: Third Choice Group | I6: Third Choice Group | J6: Third Choice Group | K6: Third Choice Group | L6: Third Choice Group | M6: Third Choice Group | N6: Third Choice Group | O6: Third Choice Group | P6: Third Choice Group | Q6: Third Choice Group | R6: Third Choice Group | S6: Third Choice Group | T6: Third Choice Group | U6: Third Choice Group | V6: Second Choice | W6: Third Choice Group | X6: Third Choice Group | Y6: Third Choice Group | Z6: Second Choice | AA6: Third Choice Group | AB6: Third Choice Group | AC6: Second Choice | AD6: Second Choice | AE6: Second Choice | AF6: Third Choice Group | AG6: Third Choice Group | AH6: Third Choice Group | AI6: Third Choice Group | AJ6: Cannot TA Group (explain below) | AK6: First Choice Group | AL6: Second Choice | AM6: First Choice Group | AN6: Cannot TA Group (explain below) | AO6: Satisfactory | AP6: Satisfactory | AQ6: Satisfactory | AR6: Satisfactory | AS6: Strong | AT6: Excellent | AU6: Unsatisfactory | AV6: Satisfactory | AW6: Potential conferences that I may have to make time for: NeurIPS (Dec 6-13). This can be limited to a few days depending if/when we have to present. | AX6: NA | AY6: Funding | AZ6: Only because of my limited understanding about these topics: MODERN QUANTUM COMPUTING, WIDE AREA NETWORKS.
A7: 46246.574 | B7: F | C7: D | D7: f@pitt.edu | E7: Third Choice Group | F7: Third Choice Group | G7: Third Choice Group | H7: Third Choice Group | I7: Third Choice Group | J7: Third Choice Group | K7: Third Choice Group | L7: Third Choice Group | M7: Third Choice Group | N7: Third Choice Group | O7: Third Choice Group | P7: Second Choice | Q7: Third Choice Group | R7: Third Choice Group | S7: Third Choice Group | T7: Third Choice Group | U7: Third Choice Group | V7: Second Choice | W7: Third Choice Group | X7: Third Choice Group | Y7: Third Choice Group | Z7: Second Choice | AA7: Third Choice Group | AB7: Third Choice Group | AC7: Third Choice Group | AD7: First Choice Group | AE7: Cannot TA Group (explain below) | AF7: Third Choice Group | AG7: Third Choice Group | AH7: Third Choice Group | AI7: Third Choice Group | AJ7: Third Choice Group | AK7: Third Choice Group | AL7: Third Choice Group | AM7: First Choice Group | AN7: Third Choice Group | AO7: Satisfactory | AP7: Satisfactory | AQ7: Satisfactory | AR7: Satisfactory | AS7: Satisfactory | AT7: Strong | AU7: Unsatisfactory | AV7: Satisfactory | AW7: Monday & Wednesday: 11:00 AM–12:15 PM (CS 2075), 2:00 PM–3:20 PM, 4:30 PM–5:45 PM (BIOST 2041) Thursday: 2:30 PM–3:45 PM (BIOST 2041 Recitation) Friday: 11:00 AM–11:50 AM (CS 2075 Recitation) | AX7: CS 2075 | AY7: Funding, Teaching experience, Improve public speaking or other skills, Learn a new topic | AZ7: no
A8: 46246.58 | B8: G | C8: E | D8: g@pitt.edu | E8: Third Choice Group | F8: Third Choice Group | G8: Third Choice Group | H8: Third Choice Group | I8: Third Choice Group | J8: Cannot TA Group (explain below) | K8: Cannot TA Group (explain below) | L8: Second Choice | M8: Third Choice Group | N8: Cannot TA Group (explain below) | O8: Third Choice Group | P8: Third Choice Group | Q8: Cannot TA Group (explain below) | R8: Third Choice Group | S8: Cannot TA Group (explain below) | T8: Third Choice Group | U8: Cannot TA Group (explain below) | V8: First Choice Group | W8: Third Choice Group | X8: Cannot TA Group (explain below) | Y8: Second Choice | Z8: Third Choice Group | AA8: Third Choice Group | AB8: Cannot TA Group (explain below) | AC8: First Choice Group | AD8: Third Choice Group | AE8: Second Choice | AF8: First Choice Group | AG8: Second Choice | AH8: Second Choice | AI8: Cannot TA Group (explain below) | AJ8: Second Choice | AK8: First Choice Group | AL8: First Choice Group | AM8: First Choice Group | AN8: Cannot TA Group (explain below) | AO8: Strong | AP8: Satisfactory | AQ8: Unsatisfactory | AR8: Unsatisfactory | AS8: Satisfactory | AT8: Excellent | AU8: Unsatisfactory | AV8: Satisfactory | AW8: NA | AX8: NA | AY8: Funding | AZ8: CS 0447/CS 0449/CS 1550 (computer systems/architecture), CS 1502/CS 2210/CS 2893 (theory/math foundations), CS 1520 (security/networks), and CS 1566/CS 1635/CS 1666 (interface/graphics): as a PhD student in ML/NLP/AI-related research, I don't have sufficient TA background in these areas outside my specialization
A9: 46246.598 | B9: H | C9: F | D9: h@pitt.edu | E9: Cannot TA Group (explain below) | F9: Cannot TA Group (explain below) | G9: Cannot TA Group (explain below) | H9: Cannot TA Group (explain below) | I9: Cannot TA Group (explain below) | J9: Cannot TA Group (explain below) | K9: Cannot TA Group (explain below) | L9: Cannot TA Group (explain below) | M9: Second Choice | N9: Cannot TA Group (explain below) | O9: Cannot TA Group (explain below) | P9: Cannot TA Group (explain below) | Q9: Cannot TA Group (explain below) | R9: Cannot TA Group (explain below) | S9: Cannot TA Group (explain below) | T9: Cannot TA Group (explain below) | U9: Cannot TA Group (explain below) | V9: Second Choice | W9: Cannot TA Group (explain below) | X9: Cannot TA Group (explain below) | Y9: Cannot TA Group (explain below) | Z9: Second Choice | AA9: Cannot TA Group (explain below) | AB9: Cannot TA Group (explain below) | AC9: First Choice Group | AD9: Cannot TA Group (explain below) | AE9: Second Choice | AF9: Cannot TA Group (explain below) | AG9: Cannot TA Group (explain below) | AH9: Cannot TA Group (explain below) | AI9: Cannot TA Group (explain below) | AJ9: Cannot TA Group (explain below) | AK9: Cannot TA Group (explain below) | AL9: Cannot TA Group (explain below) | AM9: Cannot TA Group (explain below) | AN9: Cannot TA Group (explain below) | AO9: Excellent | AP9: Unsatisfactory | AQ9: Unsatisfactory | AR9: Unsatisfactory | AS9: Excellent | AT9: Excellent | AU9: Unsatisfactory | AV9: Strong | AW9: Monday: unavailable after 3:00 PM Tuesday: unavailable after 12:00 PM-2:00PM | AX9: None | AY9: Improve public speaking or other skills | AZ9: None
A10: 46246.641 | B10: I | C10: G | D10: i@pitt.edu | E10: Cannot TA Group (explain below) | F10: Cannot TA Group (explain below) | G10: Cannot TA Group (explain below) | H10: Cannot TA Group (explain below) | I10: Cannot TA Group (explain below) | J10: Cannot TA Group (explain below) | K10: Cannot TA Group (explain below) | L10: Cannot TA Group (explain below) | M10: Cannot TA Group (explain below) | N10: Cannot TA Group (explain below) | O10: Cannot TA Group (explain below) | P10: Cannot TA Group (explain below) | Q10: Cannot TA Group (explain below) | R10: Third Choice Group | S10: Cannot TA Group (explain below) | T10: Cannot TA Group (explain below) | U10: Cannot TA Group (explain below) | V10: Third Choice Group | W10: Cannot TA Group (explain below) | X10: Cannot TA Group (explain below) | Y10: Third Choice Group | Z10: Third Choice Group | AA10: Cannot TA Group (explain below) | AB10: Cannot TA Group (explain below) | AC10: Second Choice | AD10: Second Choice | AE10: Third Choice Group | AF10: Second Choice | AG10: Second Choice | AH10: Second Choice | AI10: Cannot TA Group (explain below) | AJ10: Cannot TA Group (explain below) | AK10: First Choice Group | AL10: First Choice Group | AM10: First Choice Group | AN10: Cannot TA Group (explain below) | AO10: Excellent | AP10: Satisfactory | AQ10: Unsatisfactory | AR10: Satisfactory | AS10: Excellent | AT10: Excellent | AU10: Unsatisfactory | AV10: Satisfactory | AW10: None | AX10: Not have required background for TA: CS 2893, CS 2520, CS 2210, CS 1666, CS 1660/2060, CS 1635/2035, CS 1632, CS 1566, CS 1555/2055, CS 1510/2012, CS 1502, CS 0590, CS 0447, CS 0449 Need grading-only TA and these courses are recitation based: CS 1550, CS 1520, CS 1503, CS 1501, CS 0445, CS 0441, CMPINF 0401, CS 0011/0012, CS 0007 | AY10: Funding | AZ10: I kindly request a grading-only TA assignment, as I have multiple travel plans in the fall for conferences and personal family reasons.
A11: 46246.689 | B11: J | C11: H | D11: j@pitt.edu | E11: First Choice Group | F11: Second Choice | G11: Second Choice | H11: Third Choice Group | I11: First Choice Group | J11: Cannot TA Group (explain below) | K11: Cannot TA Group (explain below) | L11: Second Choice | M11: First Choice Group | N11: Third Choice Group | O11: Third Choice Group | P11: Cannot TA Group (explain below) | Q11: Third Choice Group | R11: Third Choice Group | S11: Cannot TA Group (explain below) | T11: Cannot TA Group (explain below) | U11: Cannot TA Group (explain below) | V11: Second Choice | W11: Third Choice Group | X11: Third Choice Group | Y11: Cannot TA Group (explain below) | Z11: First Choice Group | AA11: Cannot TA Group (explain below) | AB11: Cannot TA Group (explain below) | AC11: Second Choice | AD11: Third Choice Group | AE11: Second Choice | AF11: Third Choice Group | AG11: Cannot TA Group (explain below) | AH11: Cannot TA Group (explain below) | AI11: Cannot TA Group (explain below) | AJ11: Cannot TA Group (explain below) | AK11: Third Choice Group | AL11: Second Choice | AM11: Third Choice Group | AN11: Cannot TA Group (explain below) | AO11: Excellent | AP11: Strong | AQ11: Unsatisfactory | AR11: Satisfactory | AS11: Satisfactory | AT11: Strong | AU11: Unsatisfactory | AV11: Unsatisfactory | AW11: Schedule is flexible. Might enroll for CS 2003, if TA duty permits. | AX11: N/A | AY11: Funding, Teaching experience, Improve public speaking or other skills, Learn a new topic | AZ11: I would prefer to avoid systems courses, if possible, because my background and interests are more aligned with other areas. I would be able to contribute more effectively as a TA in those courses.
A12: 46246.7 | B12: K | C12: I | D12: k@pitt.edu | E12: First Choice Group | F12: First Choice Group | G12: First Choice Group | H12: Third Choice Group | I12: First Choice Group | J12: Third Choice Group | K12: Third Choice Group | L12: Third Choice Group | M12: Second Choice | N12: Cannot TA Group (explain below) | O12: Second Choice | P12: Cannot TA Group (explain below) | Q12: First Choice Group | R12: First Choice Group | S12: Cannot TA Group (explain below) | T12: Cannot TA Group (explain below) | U12: Cannot TA Group (explain below) | V12: Cannot TA Group (explain below) | W12: Third Choice Group | X12: First Choice Group | Y12: Second Choice | Z12: Cannot TA Group (explain below) | AA12: Cannot TA Group (explain below) | AB12: Cannot TA Group (explain below) | AC12: First Choice Group | AD12: Third Choice Group | AE12: Second Choice | AF12: First Choice Group | AG12: First Choice Group | AH12: Cannot TA Group (explain below) | AI12: Cannot TA Group (explain below) | AJ12: Cannot TA Group (explain below) | AK12: Cannot TA Group (explain below) | AL12: Second Choice | AM12: Third Choice Group | AN12: Cannot TA Group (explain below) | AO12: Excellent | AP12: Excellent | AQ12: Satisfactory | AR12: Unsatisfactory | AS12: Strong | AT12: Strong | AU12: Unsatisfactory | AV12: Satisfactory | AW12: I am not available before noon. Additionally, I am not available Fridays from 12PM-2PM due to my CS2003 requirements. | AX12: Any course listed as "Cannot TA" is because either I have never taken the course, or I do not believe my knowledge on the subject is satisfactory for the TA role. | AY12: Funding, Teaching experience, Improve public speaking or other skills, Learn a new topic | AZ12: Any course listed as "Cannot TA" is because either I have never taken the course, or I do not believe my knowledge on the subject is satisfactory for the TA role.
A13: 46246.914 | B13: L | C13: J | D13: l@pitt.edu | E13: Cannot TA Group (explain below) | F13: Cannot TA Group (explain below) | G13: Cannot TA Group (explain below) | H13: Cannot TA Group (explain below) | I13: Cannot TA Group (explain below) | J13: Cannot TA Group (explain below) | K13: Cannot TA Group (explain below) | L13: Cannot TA Group (explain below) | M13: Cannot TA Group (explain below) | N13: Cannot TA Group (explain below) | O13: Cannot TA Group (explain below) | P13: Cannot TA Group (explain below) | Q13: Cannot TA Group (explain below) | R13: Cannot TA Group (explain below) | S13: Cannot TA Group (explain below) | T13: Cannot TA Group (explain below) | U13: Cannot TA Group (explain below) | V13: Third Choice Group | W13: Cannot TA Group (explain below) | X13: Cannot TA Group (explain below) | Y13: Cannot TA Group (explain below) | Z13: Cannot TA Group (explain below) | AA13: Cannot TA Group (explain below) | AB13: Cannot TA Group (explain below) | AC13: Cannot TA Group (explain below) | AD13: Cannot TA Group (explain below) | AE13: Second Choice | AF13: Cannot TA Group (explain below) | AG13: Cannot TA Group (explain below) | AH13: Cannot TA Group (explain below) | AI13: Cannot TA Group (explain below) | AJ13: Cannot TA Group (explain below) | AK13: Second Choice | AL13: First Choice Group | AM13: Third Choice Group | AN13: Cannot TA Group (explain below) | AO13: Unsatisfactory | AP13: Unsatisfactory | AQ13: Unsatisfactory | AR13: Unsatisfactory | AS13: Unsatisfactory | AT13: Excellent | AU13: Unsatisfactory | AV13: Unsatisfactory | AW13: N/A | AX13: N/A | AY13: Funding | AZ13: Hi, my research focuses on NLP and ML, so related courses may fit my background better. Thank you!
... A24: 46254.583 | B24: X | C24: U | D24: x@pitt.edu | E24: Second Choice | F24: Second Choice | G24: Second Choice | H24: Second Choice | I24: Second Choice | J24: Second Choice | K24: Third Choice Group | L24: First Choice Group | M24: Second Choice | N24: Third Choice Group | O24: First Choice Group | P24: Second Choice | Q24: Second Choice | R24: Second Choice | S24: Second Choice | T24: First Choice Group | U24: Second Choice | V24: First Choice Group | W24: Third Choice Group | X24: Third Choice Group | Y24: Second Choice | Z24: First Choice Group | AA24: Second Choice | AB24: First Choice Group | AC24: Second Choice | AD24: First Choice Group | AE24: First Choice Group | AF24: Second Choice | AG24: Second Choice | AH24: Second Choice | AI24: Third Choice Group | AJ24: Third Choice Group | AK24: First Choice Group | AL24: First Choice Group | AM24: Cannot TA Group (explain below) | AN24: Cannot TA Group (explain below) | AO24: Excellent | AP24: Satisfactory | AQ24: Satisfactory | AR24: Satisfactory | AS24: Satisfactory | AT24: Excellent | AU24: Satisfactory | AV24: Excellent | AW24: I am unavailable from 12-3pm and 6-8:30pm Mondays, and 2pm-3:15pm on Tuesdays and Thursdays. | AX24: cs2750 | AY24: Funding | AZ24: no background in quantum computing

Sheet Cleanup
A1: =IFERROR(__xludf.DUMMYFUNCTION("{ BYCOL('Form Responses 1'!1:1, LAMBDA(header, IF(header="""", , IFERROR(REGEXEXTRACT(header, ""\[(.*)\]""), header)))); FILTER('Form Responses 1'!A2:ZZ1000, 'Form Responses 1'!A2:A1000 <> """") }"),"Timestamp") -> Timestamp | B1: =IFERROR(__xludf.DUMMYFUNCTION("""COMPUTED_VALUE"""),"First name") -> First name | C1: =IFERROR(__xludf.DUMMYFUNCTION("""COMPUTED_VALUE"""),"Last name") -> Last name | D1: =IFERROR(__xludf.DUMMYFUNCTION("""COMPUTED_VALUE"""),"Pitt email address") -> Pitt email address | E1: =IFERROR(__xludf.DUMMYFUNCTION("""COMPUTED_VALUE"""),"CS 0007") -> CS 0007 | F1: =IFERROR(__xludf.DUMMYFUNCTION("""COMPUTED_VALUE"""),"CS 0011/0012") -> CS 0011/0012 | G1: =IFERROR(__xludf.DUMMYFUNCTION("""COMPUTED_VALUE"""),"CMPINF 0401") -> CMPINF 0401 | H1: =IFERROR(__xludf.DUMMYFUNCTION("""COMPUTED_VALUE"""),"CS 0441") -> CS 0441 | I1: =IFERROR(__xludf.DUMMYFUNCTION("""COMPUTED_VALUE"""),"CS 0445") -> CS 0445 | J1: =IFERROR(__xludf.DUMMYFUNCTION("""COMPUTED_VALUE"""),"CS 0447") -> CS 0447 | K1: =IFERROR(__xludf.DUMMYFUNCTION("""COMPUTED_VALUE"""),"CS 0449") -> CS 0449 | L1: =IFERROR(__xludf.DUMMYFUNCTION("""COMPUTED_VALUE"""),"CS 0590") -> CS 0590 | M1: =IFERROR(__xludf.DUMMYFUNCTION("""COMPUTED_VALUE"""),"CS 1501") -> CS 1501 | N1: =IFERROR(__xludf.DUMMYFUNCTION("""COMPUTED_VALUE"""),"CS 1502") -> CS 1502 | O1: =IFERROR(__xludf.DUMMYFUNCTION("""COMPUTED_VALUE"""),"CS 1503") -> CS 1503 | P1: =IFERROR(__xludf.DUMMYFUNCTION("""COMPUTED_VALUE"""),"CS 1510/2012") -> CS 1510/2012 | Q1: =IFERROR(__xludf.DUMMYFUNCTION("""COMPUTED_VALUE"""),"CS 1520") -> CS 1520 | R1: =IFERROR(__xludf.DUMMYFUNCTION("""COMPUTED_VALUE"""),"CS 1530") -> CS 1530 | S1: =IFERROR(__xludf.DUMMYFUNCTION("""COMPUTED_VALUE"""),"CS 1550") -> CS 1550 | T1: =IFERROR(__xludf.DUMMYFUNCTION("""COMPUTED_VALUE"""),"CS 1555/2055") -> CS 1555/2055 | U1: =IFERROR(__xludf.DUMMYFUNCTION("""COMPUTED_VALUE"""),"CS 1566") -> CS 1566 | V1: =IFERROR(__xludf.DUMMYFUNCTION("""COMPUTED_VALUE"""),"CS 1571") -> CS 1571 | W1: =IFERROR(__xludf.DUMMYFUNCTION("""COMPUTED_VALUE"""),"CS 1632") -> CS 1632 | X1: =IFERROR(__xludf.DUMMYFUNCTION("""COMPUTED_VALUE"""),"CS 1635/2035") -> CS 1635/2035 | Y1: =IFERROR(__xludf.DUMMYFUNCTION("""COMPUTED_VALUE"""),"CS 1980/1640") -> CS 1980/1640 | Z1: =IFERROR(__xludf.DUMMYFUNCTION("""COMPUTED_VALUE"""),"CS 1656") -> CS 1656 | AA1: =IFERROR(__xludf.DUMMYFUNCTION("""COMPUTED_VALUE"""),"CS 1660/2060") -> CS 1660/2060 | AB1: =IFERROR(__xludf.DUMMYFUNCTION("""COMPUTED_VALUE"""),"CS 1666") -> CS 1666 | AC1: =IFERROR(__xludf.DUMMYFUNCTION("""COMPUTED_VALUE"""),"CS 1671/2071") -> CS 1671/2071 | AD1: =IFERROR(__xludf.DUMMYFUNCTION("""COMPUTED_VALUE"""),"CS 1674/2074") -> CS 1674/2074 | AE1: =IFERROR(__xludf.DUMMYFUNCTION("""COMPUTED_VALUE"""),"CS 1675/2075") -> CS 1675/2075 | AF1: =IFERROR(__xludf.DUMMYFUNCTION("""COMPUTED_VALUE"""),"CS 1684/2084") -> CS 1684/2084 | AG1: =IFERROR(__xludf.DUMMYFUNCTION("""COMPUTED_VALUE"""),"CS 1699") -> CS 1699 | AH1: =IFERROR(__xludf.DUMMYFUNCTION("""COMPUTED_VALUE"""),"CS 1900/1950") -> CS 1900/1950 | AI1: =IFERROR(__xludf.DUMMYFUNCTION("""COMPUTED_VALUE"""),"CS 2210") -> CS 2210 | AJ1: =IFERROR(__xludf.DUMMYFUNCTION("""COMPUTED_VALUE"""),"CS 2520") -> CS 2520 | AK1: =IFERROR(__xludf.DUMMYFUNCTION("""COMPUTED_VALUE"""),"CS 2710") -> CS 2710 | AL1: =IFERROR(__xludf.DUMMYFUNCTION("""COMPUTED_VALUE"""),"CS 2731") -> CS 2731 | AM1: =IFERROR(__xludf.DUMMYFUNCTION("""COMPUTED_VALUE"""),"CS 2750") -> CS 2750 | AN1: =IFERROR(__xludf.DUMMYFUNCTION("""COMPUTED_VALUE"""),"CS 2893") -> CS 2893 | AO1: =IFERROR(__xludf.DUMMYFUNCTION("""COMPUTED_VALUE"""),"Introductory programming (could be Python or Java)") -> Introductory programming (could be Python or Java) | AP1: =IFERROR(__xludf.DUMMYFUNCTION("""COMPUTED_VALUE"""),"Core programming in Java") -> Core programming in Java | AQ1: =IFERROR(__xludf.DUMMYFUNCTION("""COMPUTED_VALUE"""),"Computer systems/architecture") -> Computer systems/architecture | AR1: =IFERROR(__xludf.DUMMYFUNCTION("""COMPUTED_VALUE"""),"Theory and mathematical foundations") -> Theory and mathematical foundations | AS1: =IFERROR(__xludf.DUMMYFUNCTION("""COMPUTED_VALUE"""),"Programming practice and software engineering") -> Programming practice and software engineering | AT1: =IFERROR(__xludf.DUMMYFUNCTION("""COMPUTED_VALUE"""),"Artificial intelligence and machine learning") -> Artificial intelligence and machine learning | AU1: =IFERROR(__xludf.DUMMYFUNCTION("""COMPUTED_VALUE"""),"Security and networks") -> Security and networks | AV1: =IFERROR(__xludf.DUMMYFUNCTION("""COMPUTED_VALUE"""),"Data management and organization") -> Data management and organization | AW1: =IFERROR(__xludf.DUMMYFUNCTION("""COMPUTED_VALUE"""),"Scheduling constraints") -> Scheduling constraints | AX1: =IFERROR(__xludf.DUMMYFUNCTION("""COMPUTED_VALUE"""),"Courses constraints") -> Courses constraints | AY1: =IFERROR(__xludf.DUMMYFUNCTION("""COMPUTED_VALUE"""),"Goals") -> Goals | AZ1: =IFERROR(__xludf.DUMMYFUNCTION("""COMPUTED_VALUE"""),"Anything else we should know? For example: courses that you wish to avoid (explain!), etc.") -> Anything else we should know? For example: courses that you wish to avoid (explain!), etc.
A2: =IFERROR(__xludf.DUMMYFUNCTION("""COMPUTED_VALUE"""),46246.53317660879) -> 46246.533 | B2: =IFERROR(__xludf.DUMMYFUNCTION("""COMPUTED_VALUE"""),"A") -> A | C2: =IFERROR(__xludf.DUMMYFUNCTION("""COMPUTED_VALUE"""),"Y") -> Y | D2: =IFERROR(__xludf.DUMMYFUNCTION("""COMPUTED_VALUE"""),"a@pitt.edu") -> a@pitt.edu | E2: =IFERROR(__xludf.DUMMYFUNCTION("""COMPUTED_VALUE"""),"Third Choice Group") -> Third Choice Group | F2: =IFERROR(__xludf.DUMMYFUNCTION("""COMPUTED_VALUE"""),"Third Choice Group") -> Third Choice Group | G2: =IFERROR(__xludf.DUMMYFUNCTION("""COMPUTED_VALUE"""),"Third Choice Group") -> Third Choice Group | H2: =IFERROR(__xludf.DUMMYFUNCTION("""COMPUTED_VALUE"""),"Third Choice Group") -> Third Choice Group | I2: =IFERROR(__xludf.DUMMYFUNCTION("""COMPUTED_VALUE"""),"Third Choice Group") -> Third Choice Group | J2: =IFERROR(__xludf.DUMMYFUNCTION("""COMPUTED_VALUE"""),"Third Choice Group") -> Third Choice Group | K2: =IFERROR(__xludf.DUMMYFUNCTION("""COMPUTED_VALUE"""),"Third Choice Group") -> Third Choice Group | L2: =IFERROR(__xludf.DUMMYFUNCTION("""COMPUTED_VALUE"""),"Third Choice Group") -> Third Choice Group | ... W2: =IFERROR(__xludf.DUMMYFUNCTION("""COMPUTED_VALUE"""),"Third Choice Group") -> Third Choice Group | X2: =IFERROR(__xludf.DUMMYFUNCTION("""COMPUTED_VALUE"""),"First Choice Group") -> First Choice Group | Y2: =IFERROR(__xludf.DUMMYFUNCTION("""COMPUTED_VALUE"""),"Third Choice Group") -> Third Choice Group | Z2: =IFERROR(__xludf.DUMMYFUNCTION("""COMPUTED_VALUE"""),"First Choice Group") -> First Choice Group | AA2: =IFERROR(__xludf.DUMMYFUNCTION("""COMPUTED_VALUE"""),"Third Choice Group") -> Third Choice Group | AB2: =IFERROR(__xludf.DUMMYFUNCTION("""COMPUTED_VALUE"""),"Third Choice Group") -> Third Choice Group | AC2: =IFERROR(__xludf.DUMMYFUNCTION("""COMPUTED_VALUE"""),"First Choice Group") -> First Choice Group | AD2: =IFERROR(__xludf.DUMMYFUNCTION("""COMPUTED_VALUE"""),"First Choice Group") -> First Choice Group | AE2: =IFERROR(__xludf.DUMMYFUNCTION("""COMPUTED_VALUE"""),"First Choice Group") -> First Choice Group | AF2: =IFERROR(__xludf.DUMMYFUNCTION("""COMPUTED_VALUE"""),"First Choice Group") -> First Choice Group | AG2: =IFERROR(__xludf.DUMMYFUNCTION("""COMPUTED_VALUE"""),"Second Choice") -> Second Choice | AH2: =IFERROR(__xludf.DUMMYFUNCTION("""COMPUTED_VALUE"""),"Third Choice Group") -> Third Choice Group | AI2: =IFERROR(__xludf.DUMMYFUNCTION("""COMPUTED_VALUE"""),"Third Choice Group") -> Third Choice Group | AJ2: =IFERROR(__xludf.DUMMYFUNCTION("""COMPUTED_VALUE"""),"Third Choice Group") -> Third Choice Group | AK2: =IFERROR(__xludf.DUMMYFUNCTION("""COMPUTED_VALUE"""),"First Choice Group") -> First Choice Group | AL2: =IFERROR(__xludf.DUMMYFUNCTION("""COMPUTED_VALUE"""),"First Choice Group") -> First Choice Group | AM2: =IFERROR(__xludf.DUMMYFUNCTION("""COMPUTED_VALUE"""),"First Choice Group") -> First Choice Group | AN2: =IFERROR(__xludf.DUMMYFUNCTION("""COMPUTED_VALUE"""),"Third Choice Group") -> Third Choice Group | AO2: =IFERROR(__xludf.DUMMYFUNCTION("""COMPUTED_VALUE"""),"Excellent") -> Excellent | AP2: =IFERROR(__xludf.DUMMYFUNCTION("""COMPUTED_VALUE"""),"Excellent") -> Excellent | AQ2: =IFERROR(__xludf.DUMMYFUNCTION("""COMPUTED_VALUE"""),"Unsatisfactory") -> Unsatisfactory | AR2: =IFERROR(__xludf.DUMMYFUNCTION("""COMPUTED_VALUE"""),"Unsatisfactory") -> Unsatisfactory | AS2: =IFERROR(__xludf.DUMMYFUNCTION("""COMPUTED_VALUE"""),"Strong") -> Strong | AT2: =IFERROR(__xludf.DUMMYFUNCTION("""COMPUTED_VALUE"""),"Excellent") -> Excellent | AU2: =IFERROR(__xludf.DUMMYFUNCTION("""COMPUTED_VALUE"""),"Satisfactory") -> Satisfactory | AV2: =IFERROR(__xludf.DUMMYFUNCTION("""COMPUTED_VALUE"""),"Strong") -> Strong | AW2: =IFERROR(__xludf.DUMMYFUNCTION("""COMPUTED_VALUE"""),"Friday 12-4PM") -> Friday 12-4PM | AX2: =IFERROR(__xludf.DUMMYFUNCTION("""COMPUTED_VALUE"""),"N/A") -> N/A | AY2: =IFERROR(__xludf.DUMMYFUNCTION("""COMPUTED_VALUE"""),"Funding, Teaching experience") -> Funding, Teaching experience | AZ2: =IFERROR(__xludf.DUMMYFUNCTION("""COMPUTED_VALUE"""),"CS1503 or 1555 since I find it hard to work with Dr Marina Barsky - great person, but hard to work with because it’s very hard to convince her on any changes on course structure ") -> CS1503 or 1555 since I find it hard to work with Dr Marina Barsky - great person, but hard to work with because it’s very hard to convince her on any changes on course structure
A3: =IFERROR(__xludf.DUMMYFUNCTION("""COMPUTED_VALUE"""),46246.55689633102) -> 46246.557 | B3: =IFERROR(__xludf.DUMMYFUNCTION("""COMPUTED_VALUE"""),"B") -> B | C3: =IFERROR(__xludf.DUMMYFUNCTION("""COMPUTED_VALUE"""),"Z") -> Z | D3: =IFERROR(__xludf.DUMMYFUNCTION("""COMPUTED_VALUE"""),"b@pitt.edu") -> b@pitt.edu | E3: =IFERROR(__xludf.DUMMYFUNCTION("""COMPUTED_VALUE"""),"First Choice Group") -> First Choice Group | F3: =IFERROR(__xludf.DUMMYFUNCTION("""COMPUTED_VALUE"""),"First Choice Group") -> First Choice Group | G3: =IFERROR(__xludf.DUMMYFUNCTION("""COMPUTED_VALUE"""),"First Choice Group") -> First Choice Group | H3: =IFERROR(__xludf.DUMMYFUNCTION("""COMPUTED_VALUE"""),"First Choice Group") -> First Choice Group | I3: =IFERROR(__xludf.DUMMYFUNCTION("""COMPUTED_VALUE"""),"First Choice Group") -> First Choice Group | J3: =IFERROR(__xludf.DUMMYFUNCTION("""COMPUTED_VALUE"""),"Third Choice Group") -> Third Choice Group | K3: =IFERROR(__xludf.DUMMYFUNCTION("""COMPUTED_VALUE"""),"First Choice Group") -> First Choice Group | L3: =IFERROR(__xludf.DUMMYFUNCTION("""COMPUTED_VALUE"""),"Third Choice Group") -> Third Choice Group | M3: =IFERROR(__xludf.DUMMYFUNCTION("""COMPUTED_VALUE"""),"First Choice Group") -> First Choice Group | N3: =IFERROR(__xludf.DUMMYFUNCTION("""COMPUTED_VALUE"""),"Third Choice Group") -> Third Choice Group | O3: =IFERROR(__xludf.DUMMYFUNCTION("""COMPUTED_VALUE"""),"Third Choice Group") -> Third Choice Group | P3: =IFERROR(__xludf.DUMMYFUNCTION("""COMPUTED_VALUE"""),"First Choice Group") -> First Choice Group | Q3: =IFERROR(__xludf.DUMMYFUNCTION("""COMPUTED_VALUE"""),"First Choice Group") -> First Choice Group | R3: =IFERROR(__xludf.DUMMYFUNCTION("""COMPUTED_VALUE"""),"Third Choice Group") -> Third Choice Group | S3: =IFERROR(__xludf.DUMMYFUNCTION("""COMPUTED_VALUE"""),"First Choice Group") -> First Choice Group | T3: =IFERROR(__xludf.DUMMYFUNCTION("""COMPUTED_VALUE"""),"First Choice Group") -> First Choice Group | U3: =IFERROR(__xludf.DUMMYFUNCTION("""COMPUTED_VALUE"""),"Third Choice Group") -> Third Choice Group | V3: =IFERROR(__xludf.DUMMYFUNCTION("""COMPUTED_VALUE"""),"Third Choice Group") -> Third Choice Group | W3: =IFERROR(__xludf.DUMMYFUNCTION("""COMPUTED_VALUE"""),"Third Choice Group") -> Third Choice Group | X3: =IFERROR(__xludf.DUMMYFUNCTION("""COMPUTED_VALUE"""),"Third Choice Group") -> Third Choice Group | Y3: =IFERROR(__xludf.DUMMYFUNCTION("""COMPUTED_VALUE"""),"Third Choice Group") -> Third Choice Group | Z3: =IFERROR(__xludf.DUMMYFUNCTION("""COMPUTED_VALUE"""),"First Choice Group") -> First Choice Group | AA3: =IFERROR(__xludf.DUMMYFUNCTION("""COMPUTED_VALUE"""),"Second Choice") -> Second Choice | AB3: =IFERROR(__xludf.DUMMYFUNCTION("""COMPUTED_VALUE"""),"Second Choice") -> Second Choice | AC3: =IFERROR(__xludf.DUMMYFUNCTION("""COMPUTED_VALUE"""),"Second Choice") -> Second Choice | AD3: =IFERROR(__xludf.DUMMYFUNCTION("""COMPUTED_VALUE"""),"Second Choice") -> Second Choice | AE3: =IFERROR(__xludf.DUMMYFUNCTION("""COMPUTED_VALUE"""),"Second Choice") -> Second Choice | AF3: =IFERROR(__xludf.DUMMYFUNCTION("""COMPUTED_VALUE"""),"Second Choice") -> Second Choice | AG3: =IFERROR(__xludf.DUMMYFUNCTION("""COMPUTED_VALUE"""),"Second Choice") -> Second Choice | AH3: =IFERROR(__xludf.DUMMYFUNCTION("""COMPUTED_VALUE"""),"Second Choice") -> Second Choice | AI3: =IFERROR(__xludf.DUMMYFUNCTION("""COMPUTED_VALUE"""),"Third Choice Group") -> Third Choice Group | AJ3: =IFERROR(__xludf.DUMMYFUNCTION("""COMPUTED_VALUE"""),"Second Choice") -> Second Choice | AK3: =IFERROR(__xludf.DUMMYFUNCTION("""COMPUTED_VALUE"""),"Second Choice") -> Second Choice | AL3: =IFERROR(__xludf.DUMMYFUNCTION("""COMPUTED_VALUE"""),"Second Choice") -> Second Choice | AM3: =IFERROR(__xludf.DUMMYFUNCTION("""COMPUTED_VALUE"""),"Second Choice") -> Second Choice | AN3: =IFERROR(__xludf.DUMMYFUNCTION("""COMPUTED_VALUE"""),"Third Choice Group") -> Third Choice Group | AO3: =IFERROR(__xludf.DUMMYFUNCTION("""COMPUTED_VALUE"""),"Strong") -> Strong | AP3: =IFERROR(__xludf.DUMMYFUNCTION("""COMPUTED_VALUE"""),"Strong") -> Strong | AQ3: =IFERROR(__xludf.DUMMYFUNCTION("""COMPUTED_VALUE"""),"Satisfactory") -> Satisfactory | AR3: =IFERROR(__xludf.DUMMYFUNCTION("""COMPUTED_VALUE"""),"Unsatisfactory") -> Unsatisfactory | AS3: =IFERROR(__xludf.DUMMYFUNCTION("""COMPUTED_VALUE"""),"Strong") -> Strong | AT3: =IFERROR(__xludf.DUMMYFUNCTION("""COMPUTED_VALUE"""),"Strong") -> Strong | AU3: =IFERROR(__xludf.DUMMYFUNCTION("""COMPUTED_VALUE"""),"Strong") -> Strong | AV3: =IFERROR(__xludf.DUMMYFUNCTION("""COMPUTED_VALUE"""),"Strong") -> Strong | AW3: =IFERROR(__xludf.DUMMYFUNCTION("""COMPUTED_VALUE"""),"Monday: 11:00 AM–12:15 PM; 6:00–8:30 PM Tuesday: 1:00–1:30 PM; 4:00–5:15 PM Wednesday: 11:00 AM–12:15 PM Thursday: 4:00–5:15 PM Friday: 1:00–1:30 PM") -> Monday: 11:00 AM–12:15 PM; 6:00–8:30 PM Tuesday: 1:00–1:30 PM; 4:00–5:15 PM Wednesday: 11:00 AM–12:15 PM Thursday: 4:00–5:15 PM Friday: 1:00–1:30 PM | AX3: =IFERROR(__xludf.DUMMYFUNCTION("""COMPUTED_VALUE"""),"CS 2710: Foundations of Artificial Intelligence CS 2750: Machine Learning CS 2893: Modern Quantum Computing CS 2990: Independent Study") -> CS 2710: Foundations of Artificial Intelligence CS 2750: Machine Learning CS 2893: Modern Quantum Computing CS 2990: Independent Study | AY3: =IFERROR(__xludf.DUMMYFUNCTION("""COMPUTED_VALUE"""),"Funding, Learn a new topic") -> Funding, Learn a new topic | AZ3: =IFERROR(__xludf.DUMMYFUNCTION("""COMPUTED_VALUE"""),"Avoid theory topic; Not interested in teaching ; Thank you very much! ;)") -> Avoid theory topic; Not interested in teaching ; Thank you very much! ;)
A4: =IFERROR(__xludf.DUMMYFUNCTION("""COMPUTED_VALUE"""),46246.55808) -> 46246.558 | B4: =IFERROR(__xludf.DUMMYFUNCTION("""COMPUTED_VALUE"""),"C") -> C | C4: =IFERROR(__xludf.DUMMYFUNCTION("""COMPUTED_VALUE"""),"A") -> A | D4: =IFERROR(__xludf.DUMMYFUNCTION("""COMPUTED_VALUE"""),"c@pitt.edu") -> c@pitt.edu | E4: =IFERROR(__xludf.DUMMYFUNCTION("""COMPUTED_VALUE"""),"Third Choice Group") -> Third Choice Group | F4: =IFERROR(__xludf.DUMMYFUNCTION("""COMPUTED_VALUE"""),"Third Choice Group") -> Third Choice Group | G4: =IFERROR(__xludf.DUMMYFUNCTION("""COMPUTED_VALUE"""),"Third Choice Group") -> Third Choice Group | H4: =IFERROR(__xludf.DUMMYFUNCTION("""COMPUTED_VALUE"""),"Third Choice Group") -> Third Choice Group | I4: =IFERROR(__xludf.DUMMYFUNCTION("""COMPUTED_VALUE"""),"Second Choice") -> Second Choice | J4: =IFERROR(__xludf.DUMMYFUNCTION("""COMPUTED_VALUE"""),"Third Choice Group") -> Third Choice Group | K4: =IFERROR(__xludf.DUMMYFUNCTION("""COMPUTED_VALUE"""),"Third Choice Group") -> Third Choice Group | L4: =IFERROR(__xludf.DUMMYFUNCTION("""COMPUTED_VALUE"""),"Third Choice Group") -> Third Choice Group | M4: =IFERROR(__xludf.DUMMYFUNCTION("""COMPUTED_VALUE"""),"Third Choice Group") -> Third Choice Group | N4: =IFERROR(__xludf.DUMMYFUNCTION("""COMPUTED_VALUE"""),"Third Choice Group") -> Third Choice Group | O4: =IFERROR(__xludf.DUMMYFUNCTION("""COMPUTED_VALUE"""),"Third Choice Group") -> Third Choice Group | P4: =IFERROR(__xludf.DUMMYFUNCTION("""COMPUTED_VALUE"""),"Third Choice Group") -> Third Choice Group | Q4: =IFERROR(__xludf.DUMMYFUNCTION("""COMPUTED_VALUE"""),"Second Choice") -> Second Choice | R4: =IFERROR(__xludf.DUMMYFUNCTION("""COMPUTED_VALUE"""),"Third Choice Group") -> Third Choice Group | S4: =IFERROR(__xludf.DUMMYFUNCTION("""COMPUTED_VALUE"""),"Second Choice") -> Second Choice | T4: =IFERROR(__xludf.DUMMYFUNCTION("""COMPUTED_VALUE"""),"Third Choice Group") -> Third Choice Group | U4: =IFERROR(__xludf.DUMMYFUNCTION("""COMPUTED_VALUE"""),"Third Choice Group") -> Third Choice Group | V4: =IFERROR(__xludf.DUMMYFUNCTION("""COMPUTED_VALUE"""),"Third Choice Group") -> Third Choice Group | W4: =IFERROR(__xludf.DUMMYFUNCTION("""COMPUTED_VALUE"""),"Third Choice Group") -> Third Choice Group | X4: =IFERROR(__xludf.DUMMYFUNCTION("""COMPUTED_VALUE"""),"Third Choice Group") -> Third Choice Group | Y4: =IFERROR(__xludf.DUMMYFUNCTION("""COMPUTED_VALUE"""),"Third Choice Group") -> Third Choice Group | Z4: =IFERROR(__xludf.DUMMYFUNCTION("""COMPUTED_VALUE"""),"First Choice Group") -> First Choice Group | AA4: =IFERROR(__xludf.DUMMYFUNCTION("""COMPUTED_VALUE"""),"Third Choice Group") -> Third Choice Group | AB4: =IFERROR(__xludf.DUMMYFUNCTION("""COMPUTED_VALUE"""),"Third Choice Group") -> Third Choice Group | AC4: =IFERROR(__xludf.DUMMYFUNCTION("""COMPUTED_VALUE"""),"Third Choice Group") -> Third Choice Group | AD4: =IFERROR(__xludf.DUMMYFUNCTION("""COMPUTED_VALUE"""),"Third Choice Group") -> Third Choice Group | AE4: =IFERROR(__xludf.DUMMYFUNCTION("""COMPUTED_VALUE"""),"Third Choice Group") -> Third Choice Group | AF4: =IFERROR(__xludf.DUMMYFUNCTION("""COMPUTED_VALUE"""),"Third Choice Group") -> Third Choice Group | AG4: =IFERROR(__xludf.DUMMYFUNCTION("""COMPUTED_VALUE"""),"Third Choice Group") -> Third Choice Group | AH4: =IFERROR(__xludf.DUMMYFUNCTION("""COMPUTED_VALUE"""),"Third Choice Group") -> Third Choice Group | ... AN4: =IFERROR(__xludf.DUMMYFUNCTION("""COMPUTED_VALUE"""),"Third Choice Group") -> Third Choice Group | AO4: =IFERROR(__xludf.DUMMYFUNCTION("""COMPUTED_VALUE"""),"Excellent") -> Excellent | AP4: =IFERROR(__xludf.DUMMYFUNCTION("""COMPUTED_VALUE"""),"Excellent") -> Excellent | AQ4: =IFERROR(__xludf.DUMMYFUNCTION("""COMPUTED_VALUE"""),"Strong") -> Strong | AR4: =IFERROR(__xludf.DUMMYFUNCTION("""COMPUTED_VALUE"""),"Unsatisfactory") -> Unsatisfactory | AS4: =IFERROR(__xludf.DUMMYFUNCTION("""COMPUTED_VALUE"""),"Excellent") -> Excellent | AT4: =IFERROR(__xludf.DUMMYFUNCTION("""COMPUTED_VALUE"""),"Strong") -> Strong | AU4: =IFERROR(__xludf.DUMMYFUNCTION("""COMPUTED_VALUE"""),"Satisfactory") -> Satisfactory | AV4: =IFERROR(__xludf.DUMMYFUNCTION("""COMPUTED_VALUE"""),"Excellent") -> Excellent | AW4: =IFERROR(__xludf.DUMMYFUNCTION("""COMPUTED_VALUE"""),"No real constraints") -> No real constraints | AX4: =IFERROR(__xludf.DUMMYFUNCTION("""COMPUTED_VALUE"""),"No conflicts") -> No conflicts | AY4: =IFERROR(__xludf.DUMMYFUNCTION("""COMPUTED_VALUE"""),"Funding, Teaching experience") -> Funding, Teaching experience | AZ4: =IFERROR(__xludf.DUMMYFUNCTION("""COMPUTED_VALUE"""),"If there are multiple sections of cs1656, I prefer to be assigned to the one of Dr. Labrinidis") -> If there are multiple sections of cs1656, I prefer to be assigned to the one of Dr. Labrinidis
A5: =IFERROR(__xludf.DUMMYFUNCTION("""COMPUTED_VALUE"""),46246.57346724537) -> 46246.573 | B5: =IFERROR(__xludf.DUMMYFUNCTION("""COMPUTED_VALUE"""),"D") -> D | C5: =IFERROR(__xludf.DUMMYFUNCTION("""COMPUTED_VALUE"""),"B") -> B | D5: =IFERROR(__xludf.DUMMYFUNCTION("""COMPUTED_VALUE"""),"d@pitt.edu") -> d@pitt.edu | E5: =IFERROR(__xludf.DUMMYFUNCTION("""COMPUTED_VALUE"""),"First Choice Group") -> First Choice Group | F5: =IFERROR(__xludf.DUMMYFUNCTION("""COMPUTED_VALUE"""),"First Choice Group") -> First Choice Group | G5: =IFERROR(__xludf.DUMMYFUNCTION("""COMPUTED_VALUE"""),"First Choice Group") -> First Choice Group | H5: =IFERROR(__xludf.DUMMYFUNCTION("""COMPUTED_VALUE"""),"First Choice Group") -> First Choice Group | I5: =IFERROR(__xludf.DUMMYFUNCTION("""COMPUTED_VALUE"""),"Cannot TA Group (explain below)") -> Cannot TA Group (explain below) | J5: =IFERROR(__xludf.DUMMYFUNCTION("""COMPUTED_VALUE"""),"Cannot TA Group (explain below)") -> Cannot TA Group (explain below) | K5: =IFERROR(__xludf.DUMMYFUNCTION("""COMPUTED_VALUE"""),"Cannot TA Group (explain below)") -> Cannot TA Group (explain below) | L5: =IFERROR(__xludf.DUMMYFUNCTION("""COMPUTED_VALUE"""),"First Choice Group") -> First Choice Group | M5: =IFERROR(__xludf.DUMMYFUNCTION("""COMPUTED_VALUE"""),"Cannot TA Group (explain below)") -> Cannot TA Group (explain below) | N5: =IFERROR(__xludf.DUMMYFUNCTION("""COMPUTED_VALUE"""),"Cannot TA Group (explain below)") -> Cannot TA Group (explain below) | O5: =IFERROR(__xludf.DUMMYFUNCTION("""COMPUTED_VALUE"""),"First Choice Group") -> First Choice Group | P5: =IFERROR(__xludf.DUMMYFUNCTION("""COMPUTED_VALUE"""),"Cannot TA Group (explain below)") -> Cannot TA Group (explain below) | Q5: =IFERROR(__xludf.DUMMYFUNCTION("""COMPUTED_VALUE"""),"First Choice Group") -> First Choice Group | R5: =IFERROR(__xludf.DUMMYFUNCTION("""COMPUTED_VALUE"""),"First Choice Group") -> First Choice Group | S5: =IFERROR(__xludf.DUMMYFUNCTION("""COMPUTED_VALUE"""),"Cannot TA Group (explain below)") -> Cannot TA Group (explain below) | T5: =IFERROR(__xludf.DUMMYFUNCTION("""COMPUTED_VALUE"""),"Cannot TA Group (explain below)") -> Cannot TA Group (explain below) | U5: =IFERROR(__xludf.DUMMYFUNCTION("""COMPUTED_VALUE"""),"Cannot TA Group (explain below)") -> Cannot TA Group (explain below) | V5: =IFERROR(__xludf.DUMMYFUNCTION("""COMPUTED_VALUE"""),"First Choice Group") -> First Choice Group | W5: =IFERROR(__xludf.DUMMYFUNCTION("""COMPUTED_VALUE"""),"First Choice Group") -> First Choice Group | X5: =IFERROR(__xludf.DUMMYFUNCTION("""COMPUTED_VALUE"""),"First Choice Group") -> First Choice Group | Y5: =IFERROR(__xludf.DUMMYFUNCTION("""COMPUTED_VALUE"""),"First Choice Group") -> First Choice Group | Z5: =IFERROR(__xludf.DUMMYFUNCTION("""COMPUTED_VALUE"""),"First Choice Group") -> First Choice Group | AA5: =IFERROR(__xludf.DUMMYFUNCTION("""COMPUTED_VALUE"""),"First Choice Group") -> First Choice Group | AB5: =IFERROR(__xludf.DUMMYFUNCTION("""COMPUTED_VALUE"""),"First Choice Group") -> First Choice Group | AC5: =IFERROR(__xludf.DUMMYFUNCTION("""COMPUTED_VALUE"""),"First Choice Group") -> First Choice Group | ... AH5: =IFERROR(__xludf.DUMMYFUNCTION("""COMPUTED_VALUE"""),"First Choice Group") -> First Choice Group | AI5: =IFERROR(__xludf.DUMMYFUNCTION("""COMPUTED_VALUE"""),"Cannot TA Group (explain below)") -> Cannot TA Group (explain below) | AJ5: =IFERROR(__xludf.DUMMYFUNCTION("""COMPUTED_VALUE"""),"Cannot TA Group (explain below)") -> Cannot TA Group (explain below) | AK5: =IFERROR(__xludf.DUMMYFUNCTION("""COMPUTED_VALUE"""),"First Choice Group") -> First Choice Group | AL5: =IFERROR(__xludf.DUMMYFUNCTION("""COMPUTED_VALUE"""),"First Choice Group") -> First Choice Group | AM5: =IFERROR(__xludf.DUMMYFUNCTION("""COMPUTED_VALUE"""),"First Choice Group") -> First Choice Group | AN5: =IFERROR(__xludf.DUMMYFUNCTION("""COMPUTED_VALUE"""),"Cannot TA Group (explain below)") -> Cannot TA Group (explain below) | AO5: =IFERROR(__xludf.DUMMYFUNCTION("""COMPUTED_VALUE"""),"Excellent") -> Excellent | AP5: =IFERROR(__xludf.DUMMYFUNCTION("""COMPUTED_VALUE"""),"Excellent") -> Excellent | AQ5: =IFERROR(__xludf.DUMMYFUNCTION("""COMPUTED_VALUE"""),"Unsatisfactory") -> Unsatisfactory | AR5: =IFERROR(__xludf.DUMMYFUNCTION("""COMPUTED_VALUE"""),"Unsatisfactory") -> Unsatisfactory | AS5: =IFERROR(__xludf.DUMMYFUNCTION("""COMPUTED_VALUE"""),"Unsatisfactory") -> Unsatisfactory | AT5: =IFERROR(__xludf.DUMMYFUNCTION("""COMPUTED_VALUE"""),"Excellent") -> Excellent | AU5: =IFERROR(__xludf.DUMMYFUNCTION("""COMPUTED_VALUE"""),"Unsatisfactory") -> Unsatisfactory | AV5: =IFERROR(__xludf.DUMMYFUNCTION("""COMPUTED_VALUE"""),"Unsatisfactory") -> Unsatisfactory | AW5: =IFERROR(__xludf.DUMMYFUNCTION("""COMPUTED_VALUE"""),"Not available Monday Tuesday Wednesday (all day); only available Thursday afternoon and Friday (all day)") -> Not available Monday Tuesday Wednesday (all day); only available Thursday afternoon and Friday (all day) | AX5: =IFERROR(__xludf.DUMMYFUNCTION("""COMPUTED_VALUE"""),"Cannot do algorithms, systems or architecture courses; only can do introductory programing courses ") -> Cannot do algorithms, systems or architecture courses; only can do introductory programing courses | AY5: =IFERROR(__xludf.DUMMYFUNCTION("""COMPUTED_VALUE"""),"Funding, Teaching experience, Improve public speaking or other skills") -> Funding, Teaching experience, Improve public speaking or other skills | AZ5: =IFERROR(__xludf.DUMMYFUNCTION("""COMPUTED_VALUE"""),"definitely want to avoid - assembly language, architecture, formal methods, algorithms, systems courses; prefer intro programming, data science, hci or ai courses!") -> definitely want to avoid - assembly language, architecture, formal methods, algorithms, systems courses; prefer intro programming, data science, hci or ai courses!
A6: =IFERROR(__xludf.DUMMYFUNCTION("""COMPUTED_VALUE"""),46246.57361850694) -> 46246.574 | B6: =IFERROR(__xludf.DUMMYFUNCTION("""COMPUTED_VALUE"""),"E") -> E | C6: =IFERROR(__xludf.DUMMYFUNCTION("""COMPUTED_VALUE"""),"C") -> C | D6: =IFERROR(__xludf.DUMMYFUNCTION("""COMPUTED_VALUE"""),"e@pitt.edu") -> e@pitt.edu | E6: =IFERROR(__xludf.DUMMYFUNCTION("""COMPUTED_VALUE"""),"Third Choice Group") -> Third Choice Group | F6: =IFERROR(__xludf.DUMMYFUNCTION("""COMPUTED_VALUE"""),"Third Choice Group") -> Third Choice Group | G6: =IFERROR(__xludf.DUMMYFUNCTION("""COMPUTED_VALUE"""),"Third Choice Group") -> Third Choice Group | H6: =IFERROR(__xludf.DUMMYFUNCTION("""COMPUTED_VALUE"""),"Third Choice Group") -> Third Choice Group | I6: =IFERROR(__xludf.DUMMYFUNCTION("""COMPUTED_VALUE"""),"Third Choice Group") -> Third Choice Group | J6: =IFERROR(__xludf.DUMMYFUNCTION("""COMPUTED_VALUE"""),"Third Choice Group") -> Third Choice Group | K6: =IFERROR(__xludf.DUMMYFUNCTION("""COMPUTED_VALUE"""),"Third Choice Group") -> Third Choice Group | L6: =IFERROR(__xludf.DUMMYFUNCTION("""COMPUTED_VALUE"""),"Third Choice Group") -> Third Choice Group | ... U6: =IFERROR(__xludf.DUMMYFUNCTION("""COMPUTED_VALUE"""),"Third Choice Group") -> Third Choice Group | V6: =IFERROR(__xludf.DUMMYFUNCTION("""COMPUTED_VALUE"""),"Second Choice") -> Second Choice | W6: =IFERROR(__xludf.DUMMYFUNCTION("""COMPUTED_VALUE"""),"Third Choice Group") -> Third Choice Group | X6: =IFERROR(__xludf.DUMMYFUNCTION("""COMPUTED_VALUE"""),"Third Choice Group") -> Third Choice Group | Y6: =IFERROR(__xludf.DUMMYFUNCTION("""COMPUTED_VALUE"""),"Third Choice Group") -> Third Choice Group | Z6: =IFERROR(__xludf.DUMMYFUNCTION("""COMPUTED_VALUE"""),"Second Choice") -> Second Choice | AA6: =IFERROR(__xludf.DUMMYFUNCTION("""COMPUTED_VALUE"""),"Third Choice Group") -> Third Choice Group | AB6: =IFERROR(__xludf.DUMMYFUNCTION("""COMPUTED_VALUE"""),"Third Choice Group") -> Third Choice Group | AC6: =IFERROR(__xludf.DUMMYFUNCTION("""COMPUTED_VALUE"""),"Second Choice") -> Second Choice | AD6: =IFERROR(__xludf.DUMMYFUNCTION("""COMPUTED_VALUE"""),"Second Choice") -> Second Choice | AE6: =IFERROR(__xludf.DUMMYFUNCTION("""COMPUTED_VALUE"""),"Second Choice") -> Second Choice | AF6: =IFERROR(__xludf.DUMMYFUNCTION("""COMPUTED_VALUE"""),"Third Choice Group") -> Third Choice Group | AG6: =IFERROR(__xludf.DUMMYFUNCTION("""COMPUTED_VALUE"""),"Third Choice Group") -> Third Choice Group | AH6: =IFERROR(__xludf.DUMMYFUNCTION("""COMPUTED_VALUE"""),"Third Choice Group") -> Third Choice Group | AI6: =IFERROR(__xludf.DUMMYFUNCTION("""COMPUTED_VALUE"""),"Third Choice Group") -> Third Choice Group | AJ6: =IFERROR(__xludf.DUMMYFUNCTION("""COMPUTED_VALUE"""),"Cannot TA Group (explain below)") -> Cannot TA Group (explain below) | AK6: =IFERROR(__xludf.DUMMYFUNCTION("""COMPUTED_VALUE"""),"First Choice Group") -> First Choice Group | AL6: =IFERROR(__xludf.DUMMYFUNCTION("""COMPUTED_VALUE"""),"Second Choice") -> Second Choice | AM6: =IFERROR(__xludf.DUMMYFUNCTION("""COMPUTED_VALUE"""),"First Choice Group") -> First Choice Group | AN6: =IFERROR(__xludf.DUMMYFUNCTION("""COMPUTED_VALUE"""),"Cannot TA Group (explain below)") -> Cannot TA Group (explain below) | AO6: =IFERROR(__xludf.DUMMYFUNCTION("""COMPUTED_VALUE"""),"Satisfactory") -> Satisfactory | AP6: =IFERROR(__xludf.DUMMYFUNCTION("""COMPUTED_VALUE"""),"Satisfactory") -> Satisfactory | AQ6: =IFERROR(__xludf.DUMMYFUNCTION("""COMPUTED_VALUE"""),"Satisfactory") -> Satisfactory | AR6: =IFERROR(__xludf.DUMMYFUNCTION("""COMPUTED_VALUE"""),"Satisfactory") -> Satisfactory | AS6: =IFERROR(__xludf.DUMMYFUNCTION("""COMPUTED_VALUE"""),"Strong") -> Strong | AT6: =IFERROR(__xludf.DUMMYFUNCTION("""COMPUTED_VALUE"""),"Excellent") -> Excellent | AU6: =IFERROR(__xludf.DUMMYFUNCTION("""COMPUTED_VALUE"""),"Unsatisfactory") -> Unsatisfactory | AV6: =IFERROR(__xludf.DUMMYFUNCTION("""COMPUTED_VALUE"""),"Satisfactory") -> Satisfactory | AW6: =IFERROR(__xludf.DUMMYFUNCTION("""COMPUTED_VALUE"""),"Potential conferences that I may have to make time for: NeurIPS (Dec 6-13). This can be limited to a few days depending if/when we have to present.") -> Potential conferences that I may have to make time for: NeurIPS (Dec 6-13). This can be limited to a few days depending if/when we have to present. | AX6: =IFERROR(__xludf.DUMMYFUNCTION("""COMPUTED_VALUE"""),"NA") -> NA | AY6: =IFERROR(__xludf.DUMMYFUNCTION("""COMPUTED_VALUE"""),"Funding") -> Funding | AZ6: =IFERROR(__xludf.DUMMYFUNCTION("""COMPUTED_VALUE"""),"Only because of my limited understanding about these topics: MODERN QUANTUM COMPUTING, WIDE AREA NETWORKS.") -> Only because of my limited understanding about these topics: MODERN QUANTUM COMPUTING, WIDE AREA NETWORKS.
A7: =IFERROR(__xludf.DUMMYFUNCTION("""COMPUTED_VALUE"""),46246.57415534722) -> 46246.574 | B7: =IFERROR(__xludf.DUMMYFUNCTION("""COMPUTED_VALUE"""),"F") -> F | C7: =IFERROR(__xludf.DUMMYFUNCTION("""COMPUTED_VALUE"""),"D") -> D | D7: =IFERROR(__xludf.DUMMYFUNCTION("""COMPUTED_VALUE"""),"f@pitt.edu") -> f@pitt.edu | E7: =IFERROR(__xludf.DUMMYFUNCTION("""COMPUTED_VALUE"""),"Third Choice Group") -> Third Choice Group | F7: =IFERROR(__xludf.DUMMYFUNCTION("""COMPUTED_VALUE"""),"Third Choice Group") -> Third Choice Group | G7: =IFERROR(__xludf.DUMMYFUNCTION("""COMPUTED_VALUE"""),"Third Choice Group") -> Third Choice Group | H7: =IFERROR(__xludf.DUMMYFUNCTION("""COMPUTED_VALUE"""),"Third Choice Group") -> Third Choice Group | I7: =IFERROR(__xludf.DUMMYFUNCTION("""COMPUTED_VALUE"""),"Third Choice Group") -> Third Choice Group | J7: =IFERROR(__xludf.DUMMYFUNCTION("""COMPUTED_VALUE"""),"Third Choice Group") -> Third Choice Group | K7: =IFERROR(__xludf.DUMMYFUNCTION("""COMPUTED_VALUE"""),"Third Choice Group") -> Third Choice Group | L7: =IFERROR(__xludf.DUMMYFUNCTION("""COMPUTED_VALUE"""),"Third Choice Group") -> Third Choice Group | ... O7: =IFERROR(__xludf.DUMMYFUNCTION("""COMPUTED_VALUE"""),"Third Choice Group") -> Third Choice Group | P7: =IFERROR(__xludf.DUMMYFUNCTION("""COMPUTED_VALUE"""),"Second Choice") -> Second Choice | Q7: =IFERROR(__xludf.DUMMYFUNCTION("""COMPUTED_VALUE"""),"Third Choice Group") -> Third Choice Group | R7: =IFERROR(__xludf.DUMMYFUNCTION("""COMPUTED_VALUE"""),"Third Choice Group") -> Third Choice Group | S7: =IFERROR(__xludf.DUMMYFUNCTION("""COMPUTED_VALUE"""),"Third Choice Group") -> Third Choice Group | T7: =IFERROR(__xludf.DUMMYFUNCTION("""COMPUTED_VALUE"""),"Third Choice Group") -> Third Choice Group | U7: =IFERROR(__xludf.DUMMYFUNCTION("""COMPUTED_VALUE"""),"Third Choice Group") -> Third Choice Group | V7: =IFERROR(__xludf.DUMMYFUNCTION("""COMPUTED_VALUE"""),"Second Choice") -> Second Choice | W7: =IFERROR(__xludf.DUMMYFUNCTION("""COMPUTED_VALUE"""),"Third Choice Group") -> Third Choice Group | X7: =IFERROR(__xludf.DUMMYFUNCTION("""COMPUTED_VALUE"""),"Third Choice Group") -> Third Choice Group | Y7: =IFERROR(__xludf.DUMMYFUNCTION("""COMPUTED_VALUE"""),"Third Choice Group") -> Third Choice Group | Z7: =IFERROR(__xludf.DUMMYFUNCTION("""COMPUTED_VALUE"""),"Second Choice") -> Second Choice | AA7: =IFERROR(__xludf.DUMMYFUNCTION("""COMPUTED_VALUE"""),"Third Choice Group") -> Third Choice Group | AB7: =IFERROR(__xludf.DUMMYFUNCTION("""COMPUTED_VALUE"""),"Third Choice Group") -> Third Choice Group | AC7: =IFERROR(__xludf.DUMMYFUNCTION("""COMPUTED_VALUE"""),"Third Choice Group") -> Third Choice Group | AD7: =IFERROR(__xludf.DUMMYFUNCTION("""COMPUTED_VALUE"""),"First Choice Group") -> First Choice Group | AE7: =IFERROR(__xludf.DUMMYFUNCTION("""COMPUTED_VALUE"""),"Cannot TA Group (explain below)") -> Cannot TA Group (explain below) | AF7: =IFERROR(__xludf.DUMMYFUNCTION("""COMPUTED_VALUE"""),"Third Choice Group") -> Third Choice Group | AG7: =IFERROR(__xludf.DUMMYFUNCTION("""COMPUTED_VALUE"""),"Third Choice Group") -> Third Choice Group | AH7: =IFERROR(__xludf.DUMMYFUNCTION("""COMPUTED_VALUE"""),"Third Choice Group") -> Third Choice Group | AI7: =IFERROR(__xludf.DUMMYFUNCTION("""COMPUTED_VALUE"""),"Third Choice Group") -> Third Choice Group | AJ7: =IFERROR(__xludf.DUMMYFUNCTION("""COMPUTED_VALUE"""),"Third Choice Group") -> Third Choice Group | AK7: =IFERROR(__xludf.DUMMYFUNCTION("""COMPUTED_VALUE"""),"Third Choice Group") -> Third Choice Group | AL7: =IFERROR(__xludf.DUMMYFUNCTION("""COMPUTED_VALUE"""),"Third Choice Group") -> Third Choice Group | AM7: =IFERROR(__xludf.DUMMYFUNCTION("""COMPUTED_VALUE"""),"First Choice Group") -> First Choice Group | AN7: =IFERROR(__xludf.DUMMYFUNCTION("""COMPUTED_VALUE"""),"Third Choice Group") -> Third Choice Group | AO7: =IFERROR(__xludf.DUMMYFUNCTION("""COMPUTED_VALUE"""),"Satisfactory") -> Satisfactory | AP7: =IFERROR(__xludf.DUMMYFUNCTION("""COMPUTED_VALUE"""),"Satisfactory") -> Satisfactory | AQ7: =IFERROR(__xludf.DUMMYFUNCTION("""COMPUTED_VALUE"""),"Satisfactory") -> Satisfactory | AR7: =IFERROR(__xludf.DUMMYFUNCTION("""COMPUTED_VALUE"""),"Satisfactory") -> Satisfactory | AS7: =IFERROR(__xludf.DUMMYFUNCTION("""COMPUTED_VALUE"""),"Satisfactory") -> Satisfactory | AT7: =IFERROR(__xludf.DUMMYFUNCTION("""COMPUTED_VALUE"""),"Strong") -> Strong | AU7: =IFERROR(__xludf.DUMMYFUNCTION("""COMPUTED_VALUE"""),"Unsatisfactory") -> Unsatisfactory | AV7: =IFERROR(__xludf.DUMMYFUNCTION("""COMPUTED_VALUE"""),"Satisfactory") -> Satisfactory | AW7: =IFERROR(__xludf.DUMMYFUNCTION("""COMPUTED_VALUE"""),"Monday & Wednesday: 11:00 AM–12:15 PM (CS 2075), 2:00 PM–3:20 PM, 4:30 PM–5:45 PM (BIOST 2041) Thursday: 2:30 PM–3:45 PM (BIOST 2041 Recitation) Friday: 11:00 AM–11:50 AM (CS 2075 Recitation)") -> Monday & Wednesday: 11:00 AM–12:15 PM (CS 2075), 2:00 PM–3:20 PM, 4:30 PM–5:45 PM (BIOST 2041) Thursday: 2:30 PM–3:45 PM (BIOST 2041 Recitation) Friday: 11:00 AM–11:50 AM (CS 2075 Recitation) | AX7: =IFERROR(__xludf.DUMMYFUNCTION("""COMPUTED_VALUE"""),"CS 2075") -> CS 2075 | AY7: =IFERROR(__xludf.DUMMYFUNCTION("""COMPUTED_VALUE"""),"Funding, Teaching experience, Improve public speaking or other skills, Learn a new topic") -> Funding, Teaching experience, Improve public speaking or other skills, Learn a new topic | AZ7: =IFERROR(__xludf.DUMMYFUNCTION("""COMPUTED_VALUE"""),"no") -> no
A8: =IFERROR(__xludf.DUMMYFUNCTION("""COMPUTED_VALUE"""),46246.57953930556) -> 46246.58 | B8: =IFERROR(__xludf.DUMMYFUNCTION("""COMPUTED_VALUE"""),"G") -> G | C8: =IFERROR(__xludf.DUMMYFUNCTION("""COMPUTED_VALUE"""),"E") -> E | D8: =IFERROR(__xludf.DUMMYFUNCTION("""COMPUTED_VALUE"""),"g@pitt.edu") -> g@pitt.edu | E8: =IFERROR(__xludf.DUMMYFUNCTION("""COMPUTED_VALUE"""),"Third Choice Group") -> Third Choice Group | F8: =IFERROR(__xludf.DUMMYFUNCTION("""COMPUTED_VALUE"""),"Third Choice Group") -> Third Choice Group | G8: =IFERROR(__xludf.DUMMYFUNCTION("""COMPUTED_VALUE"""),"Third Choice Group") -> Third Choice Group | H8: =IFERROR(__xludf.DUMMYFUNCTION("""COMPUTED_VALUE"""),"Third Choice Group") -> Third Choice Group | I8: =IFERROR(__xludf.DUMMYFUNCTION("""COMPUTED_VALUE"""),"Third Choice Group") -> Third Choice Group | J8: =IFERROR(__xludf.DUMMYFUNCTION("""COMPUTED_VALUE"""),"Cannot TA Group (explain below)") -> Cannot TA Group (explain below) | K8: =IFERROR(__xludf.DUMMYFUNCTION("""COMPUTED_VALUE"""),"Cannot TA Group (explain below)") -> Cannot TA Group (explain below) | L8: =IFERROR(__xludf.DUMMYFUNCTION("""COMPUTED_VALUE"""),"Second Choice") -> Second Choice | M8: =IFERROR(__xludf.DUMMYFUNCTION("""COMPUTED_VALUE"""),"Third Choice Group") -> Third Choice Group | N8: =IFERROR(__xludf.DUMMYFUNCTION("""COMPUTED_VALUE"""),"Cannot TA Group (explain below)") -> Cannot TA Group (explain below) | O8: =IFERROR(__xludf.DUMMYFUNCTION("""COMPUTED_VALUE"""),"Third Choice Group") -> Third Choice Group | P8: =IFERROR(__xludf.DUMMYFUNCTION("""COMPUTED_VALUE"""),"Third Choice Group") -> Third Choice Group | Q8: =IFERROR(__xludf.DUMMYFUNCTION("""COMPUTED_VALUE"""),"Cannot TA Group (explain below)") -> Cannot TA Group (explain below) | R8: =IFERROR(__xludf.DUMMYFUNCTION("""COMPUTED_VALUE"""),"Third Choice Group") -> Third Choice Group | S8: =IFERROR(__xludf.DUMMYFUNCTION("""COMPUTED_VALUE"""),"Cannot TA Group (explain below)") -> Cannot TA Group (explain below) | T8: =IFERROR(__xludf.DUMMYFUNCTION("""COMPUTED_VALUE"""),"Third Choice Group") -> Third Choice Group | U8: =IFERROR(__xludf.DUMMYFUNCTION("""COMPUTED_VALUE"""),"Cannot TA Group (explain below)") -> Cannot TA Group (explain below) | V8: =IFERROR(__xludf.DUMMYFUNCTION("""COMPUTED_VALUE"""),"First Choice Group") -> First Choice Group | W8: =IFERROR(__xludf.DUMMYFUNCTION("""COMPUTED_VALUE"""),"Third Choice Group") -> Third Choice Group | X8: =IFERROR(__xludf.DUMMYFUNCTION("""COMPUTED_VALUE"""),"Cannot TA Group (explain below)") -> Cannot TA Group (explain below) | Y8: =IFERROR(__xludf.DUMMYFUNCTION("""COMPUTED_VALUE"""),"Second Choice") -> Second Choice | Z8: =IFERROR(__xludf.DUMMYFUNCTION("""COMPUTED_VALUE"""),"Third Choice Group") -> Third Choice Group | AA8: =IFERROR(__xludf.DUMMYFUNCTION("""COMPUTED_VALUE"""),"Third Choice Group") -> Third Choice Group | AB8: =IFERROR(__xludf.DUMMYFUNCTION("""COMPUTED_VALUE"""),"Cannot TA Group (explain below)") -> Cannot TA Group (explain below) | AC8: =IFERROR(__xludf.DUMMYFUNCTION("""COMPUTED_VALUE"""),"First Choice Group") -> First Choice Group | AD8: =IFERROR(__xludf.DUMMYFUNCTION("""COMPUTED_VALUE"""),"Third Choice Group") -> Third Choice Group | AE8: =IFERROR(__xludf.DUMMYFUNCTION("""COMPUTED_VALUE"""),"Second Choice") -> Second Choice | AF8: =IFERROR(__xludf.DUMMYFUNCTION("""COMPUTED_VALUE"""),"First Choice Group") -> First Choice Group | AG8: =IFERROR(__xludf.DUMMYFUNCTION("""COMPUTED_VALUE"""),"Second Choice") -> Second Choice | AH8: =IFERROR(__xludf.DUMMYFUNCTION("""COMPUTED_VALUE"""),"Second Choice") -> Second Choice | AI8: =IFERROR(__xludf.DUMMYFUNCTION("""COMPUTED_VALUE"""),"Cannot TA Group (explain below)") -> Cannot TA Group (explain below) | AJ8: =IFERROR(__xludf.DUMMYFUNCTION("""COMPUTED_VALUE"""),"Second Choice") -> Second Choice | AK8: =IFERROR(__xludf.DUMMYFUNCTION("""COMPUTED_VALUE"""),"First Choice Group") -> First Choice Group | AL8: =IFERROR(__xludf.DUMMYFUNCTION("""COMPUTED_VALUE"""),"First Choice Group") -> First Choice Group | AM8: =IFERROR(__xludf.DUMMYFUNCTION("""COMPUTED_VALUE"""),"First Choice Group") -> First Choice Group | AN8: =IFERROR(__xludf.DUMMYFUNCTION("""COMPUTED_VALUE"""),"Cannot TA Group (explain below)") -> Cannot TA Group (explain below) | AO8: =IFERROR(__xludf.DUMMYFUNCTION("""COMPUTED_VALUE"""),"Strong") -> Strong | AP8: =IFERROR(__xludf.DUMMYFUNCTION("""COMPUTED_VALUE"""),"Satisfactory") -> Satisfactory | AQ8: =IFERROR(__xludf.DUMMYFUNCTION("""COMPUTED_VALUE"""),"Unsatisfactory") -> Unsatisfactory | AR8: =IFERROR(__xludf.DUMMYFUNCTION("""COMPUTED_VALUE"""),"Unsatisfactory") -> Unsatisfactory | AS8: =IFERROR(__xludf.DUMMYFUNCTION("""COMPUTED_VALUE"""),"Satisfactory") -> Satisfactory | AT8: =IFERROR(__xludf.DUMMYFUNCTION("""COMPUTED_VALUE"""),"Excellent") -> Excellent | AU8: =IFERROR(__xludf.DUMMYFUNCTION("""COMPUTED_VALUE"""),"Unsatisfactory") -> Unsatisfactory | AV8: =IFERROR(__xludf.DUMMYFUNCTION("""COMPUTED_VALUE"""),"Satisfactory") -> Satisfactory | AW8: =IFERROR(__xludf.DUMMYFUNCTION("""COMPUTED_VALUE"""),"NA") -> NA | AX8: =IFERROR(__xludf.DUMMYFUNCTION("""COMPUTED_VALUE"""),"NA") -> NA | AY8: =IFERROR(__xludf.DUMMYFUNCTION("""COMPUTED_VALUE"""),"Funding") -> Funding | AZ8: =IFERROR(__xludf.DUMMYFUNCTION("""COMPUTED_VALUE"""),"CS 0447/CS 0449/CS 1550 (computer systems/architecture), CS 1502/CS 2210/CS 2893 (theory/math foundations), CS 1520 (security/networks), and CS 1566/CS 1635/CS 1666 (interface/graphics): as a PhD student in ML/NLP/AI-related research, I don't have suffici"&"ent TA background in these areas outside my specialization") -> CS 0447/CS 0449/CS 1550 (computer systems/architecture), CS 1502/CS 2210/CS 2893 (theory/math foundations), CS 1520 (security/networks), and CS 1566/CS 1635/CS 1666 (interface/graphics): as a PhD student in ML/NLP/AI-related research, I don't have sufficient TA background in these areas outside my specialization
A9: =IFERROR(__xludf.DUMMYFUNCTION("""COMPUTED_VALUE"""),46246.59826490741) -> 46246.598 | B9: =IFERROR(__xludf.DUMMYFUNCTION("""COMPUTED_VALUE"""),"H") -> H | C9: =IFERROR(__xludf.DUMMYFUNCTION("""COMPUTED_VALUE"""),"F") -> F | D9: =IFERROR(__xludf.DUMMYFUNCTION("""COMPUTED_VALUE"""),"h@pitt.edu") -> h@pitt.edu | E9: =IFERROR(__xludf.DUMMYFUNCTION("""COMPUTED_VALUE"""),"Cannot TA Group (explain below)") -> Cannot TA Group (explain below) | F9: =IFERROR(__xludf.DUMMYFUNCTION("""COMPUTED_VALUE"""),"Cannot TA Group (explain below)") -> Cannot TA Group (explain below) | G9: =IFERROR(__xludf.DUMMYFUNCTION("""COMPUTED_VALUE"""),"Cannot TA Group (explain below)") -> Cannot TA Group (explain below) | H9: =IFERROR(__xludf.DUMMYFUNCTION("""COMPUTED_VALUE"""),"Cannot TA Group (explain below)") -> Cannot TA Group (explain below) | I9: =IFERROR(__xludf.DUMMYFUNCTION("""COMPUTED_VALUE"""),"Cannot TA Group (explain below)") -> Cannot TA Group (explain below) | J9: =IFERROR(__xludf.DUMMYFUNCTION("""COMPUTED_VALUE"""),"Cannot TA Group (explain below)") -> Cannot TA Group (explain below) | K9: =IFERROR(__xludf.DUMMYFUNCTION("""COMPUTED_VALUE"""),"Cannot TA Group (explain below)") -> Cannot TA Group (explain below) | L9: =IFERROR(__xludf.DUMMYFUNCTION("""COMPUTED_VALUE"""),"Cannot TA Group (explain below)") -> Cannot TA Group (explain below) | M9: =IFERROR(__xludf.DUMMYFUNCTION("""COMPUTED_VALUE"""),"Second Choice") -> Second Choice | N9: =IFERROR(__xludf.DUMMYFUNCTION("""COMPUTED_VALUE"""),"Cannot TA Group (explain below)") -> Cannot TA Group (explain below) | O9: =IFERROR(__xludf.DUMMYFUNCTION("""COMPUTED_VALUE"""),"Cannot TA Group (explain below)") -> Cannot TA Group (explain below) | P9: =IFERROR(__xludf.DUMMYFUNCTION("""COMPUTED_VALUE"""),"Cannot TA Group (explain below)") -> Cannot TA Group (explain below) | Q9: =IFERROR(__xludf.DUMMYFUNCTION("""COMPUTED_VALUE"""),"Cannot TA Group (explain below)") -> Cannot TA Group (explain below) | R9: =IFERROR(__xludf.DUMMYFUNCTION("""COMPUTED_VALUE"""),"Cannot TA Group (explain below)") -> Cannot TA Group (explain below) | S9: =IFERROR(__xludf.DUMMYFUNCTION("""COMPUTED_VALUE"""),"Cannot TA Group (explain below)") -> Cannot TA Group (explain below) | T9: =IFERROR(__xludf.DUMMYFUNCTION("""COMPUTED_VALUE"""),"Cannot TA Group (explain below)") -> Cannot TA Group (explain below) | U9: =IFERROR(__xludf.DUMMYFUNCTION("""COMPUTED_VALUE"""),"Cannot TA Group (explain below)") -> Cannot TA Group (explain below) | V9: =IFERROR(__xludf.DUMMYFUNCTION("""COMPUTED_VALUE"""),"Second Choice") -> Second Choice | W9: =IFERROR(__xludf.DUMMYFUNCTION("""COMPUTED_VALUE"""),"Cannot TA Group (explain below)") -> Cannot TA Group (explain below) | X9: =IFERROR(__xludf.DUMMYFUNCTION("""COMPUTED_VALUE"""),"Cannot TA Group (explain below)") -> Cannot TA Group (explain below) | Y9: =IFERROR(__xludf.DUMMYFUNCTION("""COMPUTED_VALUE"""),"Cannot TA Group (explain below)") -> Cannot TA Group (explain below) | Z9: =IFERROR(__xludf.DUMMYFUNCTION("""COMPUTED_VALUE"""),"Second Choice") -> Second Choice | AA9: =IFERROR(__xludf.DUMMYFUNCTION("""COMPUTED_VALUE"""),"Cannot TA Group (explain below)") -> Cannot TA Group (explain below) | AB9: =IFERROR(__xludf.DUMMYFUNCTION("""COMPUTED_VALUE"""),"Cannot TA Group (explain below)") -> Cannot TA Group (explain below) | AC9: =IFERROR(__xludf.DUMMYFUNCTION("""COMPUTED_VALUE"""),"First Choice Group") -> First Choice Group | AD9: =IFERROR(__xludf.DUMMYFUNCTION("""COMPUTED_VALUE"""),"Cannot TA Group (explain below)") -> Cannot TA Group (explain below) | AE9: =IFERROR(__xludf.DUMMYFUNCTION("""COMPUTED_VALUE"""),"Second Choice") -> Second Choice | AF9: =IFERROR(__xludf.DUMMYFUNCTION("""COMPUTED_VALUE"""),"Cannot TA Group (explain below)") -> Cannot TA Group (explain below) | AG9: =IFERROR(__xludf.DUMMYFUNCTION("""COMPUTED_VALUE"""),"Cannot TA Group (explain below)") -> Cannot TA Group (explain below) | AH9: =IFERROR(__xludf.DUMMYFUNCTION("""COMPUTED_VALUE"""),"Cannot TA Group (explain below)") -> Cannot TA Group (explain below) | AI9: =IFERROR(__xludf.DUMMYFUNCTION("""COMPUTED_VALUE"""),"Cannot TA Group (explain below)") -> Cannot TA Group (explain below) | AJ9: =IFERROR(__xludf.DUMMYFUNCTION("""COMPUTED_VALUE"""),"Cannot TA Group (explain below)") -> Cannot TA Group (explain below) | AK9: =IFERROR(__xludf.DUMMYFUNCTION("""COMPUTED_VALUE"""),"Cannot TA Group (explain below)") -> Cannot TA Group (explain below) | AL9: =IFERROR(__xludf.DUMMYFUNCTION("""COMPUTED_VALUE"""),"Cannot TA Group (explain below)") -> Cannot TA Group (explain below) | AM9: =IFERROR(__xludf.DUMMYFUNCTION("""COMPUTED_VALUE"""),"Cannot TA Group (explain below)") -> Cannot TA Group (explain below) | AN9: =IFERROR(__xludf.DUMMYFUNCTION("""COMPUTED_VALUE"""),"Cannot TA Group (explain below)") -> Cannot TA Group (explain below) | AO9: =IFERROR(__xludf.DUMMYFUNCTION("""COMPUTED_VALUE"""),"Excellent") -> Excellent | AP9: =IFERROR(__xludf.DUMMYFUNCTION("""COMPUTED_VALUE"""),"Unsatisfactory") -> Unsatisfactory | AQ9: =IFERROR(__xludf.DUMMYFUNCTION("""COMPUTED_VALUE"""),"Unsatisfactory") -> Unsatisfactory | AR9: =IFERROR(__xludf.DUMMYFUNCTION("""COMPUTED_VALUE"""),"Unsatisfactory") -> Unsatisfactory | AS9: =IFERROR(__xludf.DUMMYFUNCTION("""COMPUTED_VALUE"""),"Excellent") -> Excellent | AT9: =IFERROR(__xludf.DUMMYFUNCTION("""COMPUTED_VALUE"""),"Excellent") -> Excellent | AU9: =IFERROR(__xludf.DUMMYFUNCTION("""COMPUTED_VALUE"""),"Unsatisfactory") -> Unsatisfactory | AV9: =IFERROR(__xludf.DUMMYFUNCTION("""COMPUTED_VALUE"""),"Strong") -> Strong | AW9: =IFERROR(__xludf.DUMMYFUNCTION("""COMPUTED_VALUE"""),"Monday: unavailable after 3:00 PM Tuesday: unavailable after 12:00 PM-2:00PM") -> Monday: unavailable after 3:00 PM Tuesday: unavailable after 12:00 PM-2:00PM | AX9: =IFERROR(__xludf.DUMMYFUNCTION("""COMPUTED_VALUE"""),"None") -> None | AY9: =IFERROR(__xludf.DUMMYFUNCTION("""COMPUTED_VALUE"""),"Improve public speaking or other skills") -> Improve public speaking or other skills | AZ9: =IFERROR(__xludf.DUMMYFUNCTION("""COMPUTED_VALUE"""),"None") -> None
A10: =IFERROR(__xludf.DUMMYFUNCTION("""COMPUTED_VALUE"""),46246.6414644676) -> 46246.641 | B10: =IFERROR(__xludf.DUMMYFUNCTION("""COMPUTED_VALUE"""),"I") -> I | C10: =IFERROR(__xludf.DUMMYFUNCTION("""COMPUTED_VALUE"""),"G") -> G | D10: =IFERROR(__xludf.DUMMYFUNCTION("""COMPUTED_VALUE"""),"i@pitt.edu") -> i@pitt.edu | E10: =IFERROR(__xludf.DUMMYFUNCTION("""COMPUTED_VALUE"""),"Cannot TA Group (explain below)") -> Cannot TA Group (explain below) | F10: =IFERROR(__xludf.DUMMYFUNCTION("""COMPUTED_VALUE"""),"Cannot TA Group (explain below)") -> Cannot TA Group (explain below) | G10: =IFERROR(__xludf.DUMMYFUNCTION("""COMPUTED_VALUE"""),"Cannot TA Group (explain below)") -> Cannot TA Group (explain below) | H10: =IFERROR(__xludf.DUMMYFUNCTION("""COMPUTED_VALUE"""),"Cannot TA Group (explain below)") -> Cannot TA Group (explain below) | I10: =IFERROR(__xludf.DUMMYFUNCTION("""COMPUTED_VALUE"""),"Cannot TA Group (explain below)") -> Cannot TA Group (explain below) | J10: =IFERROR(__xludf.DUMMYFUNCTION("""COMPUTED_VALUE"""),"Cannot TA Group (explain below)") -> Cannot TA Group (explain below) | K10: =IFERROR(__xludf.DUMMYFUNCTION("""COMPUTED_VALUE"""),"Cannot TA Group (explain below)") -> Cannot TA Group (explain below) | L10: =IFERROR(__xludf.DUMMYFUNCTION("""COMPUTED_VALUE"""),"Cannot TA Group (explain below)") -> Cannot TA Group (explain below) | ... Q10: =IFERROR(__xludf.DUMMYFUNCTION("""COMPUTED_VALUE"""),"Cannot TA Group (explain below)") -> Cannot TA Group (explain below) | R10: =IFERROR(__xludf.DUMMYFUNCTION("""COMPUTED_VALUE"""),"Third Choice Group") -> Third Choice Group | S10: =IFERROR(__xludf.DUMMYFUNCTION("""COMPUTED_VALUE"""),"Cannot TA Group (explain below)") -> Cannot TA Group (explain below) | T10: =IFERROR(__xludf.DUMMYFUNCTION("""COMPUTED_VALUE"""),"Cannot TA Group (explain below)") -> Cannot TA Group (explain below) | U10: =IFERROR(__xludf.DUMMYFUNCTION("""COMPUTED_VALUE"""),"Cannot TA Group (explain below)") -> Cannot TA Group (explain below) | V10: =IFERROR(__xludf.DUMMYFUNCTION("""COMPUTED_VALUE"""),"Third Choice Group") -> Third Choice Group | W10: =IFERROR(__xludf.DUMMYFUNCTION("""COMPUTED_VALUE"""),"Cannot TA Group (explain below)") -> Cannot TA Group (explain below) | X10: =IFERROR(__xludf.DUMMYFUNCTION("""COMPUTED_VALUE"""),"Cannot TA Group (explain below)") -> Cannot TA Group (explain below) | Y10: =IFERROR(__xludf.DUMMYFUNCTION("""COMPUTED_VALUE"""),"Third Choice Group") -> Third Choice Group | Z10: =IFERROR(__xludf.DUMMYFUNCTION("""COMPUTED_VALUE"""),"Third Choice Group") -> Third Choice Group | AA10: =IFERROR(__xludf.DUMMYFUNCTION("""COMPUTED_VALUE"""),"Cannot TA Group (explain below)") -> Cannot TA Group (explain below) | AB10: =IFERROR(__xludf.DUMMYFUNCTION("""COMPUTED_VALUE"""),"Cannot TA Group (explain below)") -> Cannot TA Group (explain below) | AC10: =IFERROR(__xludf.DUMMYFUNCTION("""COMPUTED_VALUE"""),"Second Choice") -> Second Choice | AD10: =IFERROR(__xludf.DUMMYFUNCTION("""COMPUTED_VALUE"""),"Second Choice") -> Second Choice | AE10: =IFERROR(__xludf.DUMMYFUNCTION("""COMPUTED_VALUE"""),"Third Choice Group") -> Third Choice Group | AF10: =IFERROR(__xludf.DUMMYFUNCTION("""COMPUTED_VALUE"""),"Second Choice") -> Second Choice | AG10: =IFERROR(__xludf.DUMMYFUNCTION("""COMPUTED_VALUE"""),"Second Choice") -> Second Choice | AH10: =IFERROR(__xludf.DUMMYFUNCTION("""COMPUTED_VALUE"""),"Second Choice") -> Second Choice | AI10: =IFERROR(__xludf.DUMMYFUNCTION("""COMPUTED_VALUE"""),"Cannot TA Group (explain below)") -> Cannot TA Group (explain below) | AJ10: =IFERROR(__xludf.DUMMYFUNCTION("""COMPUTED_VALUE"""),"Cannot TA Group (explain below)") -> Cannot TA Group (explain below) | AK10: =IFERROR(__xludf.DUMMYFUNCTION("""COMPUTED_VALUE"""),"First Choice Group") -> First Choice Group | AL10: =IFERROR(__xludf.DUMMYFUNCTION("""COMPUTED_VALUE"""),"First Choice Group") -> First Choice Group | AM10: =IFERROR(__xludf.DUMMYFUNCTION("""COMPUTED_VALUE"""),"First Choice Group") -> First Choice Group | AN10: =IFERROR(__xludf.DUMMYFUNCTION("""COMPUTED_VALUE"""),"Cannot TA Group (explain below)") -> Cannot TA Group (explain below) | AO10: =IFERROR(__xludf.DUMMYFUNCTION("""COMPUTED_VALUE"""),"Excellent") -> Excellent | AP10: =IFERROR(__xludf.DUMMYFUNCTION("""COMPUTED_VALUE"""),"Satisfactory") -> Satisfactory | AQ10: =IFERROR(__xludf.DUMMYFUNCTION("""COMPUTED_VALUE"""),"Unsatisfactory") -> Unsatisfactory | AR10: =IFERROR(__xludf.DUMMYFUNCTION("""COMPUTED_VALUE"""),"Satisfactory") -> Satisfactory | AS10: =IFERROR(__xludf.DUMMYFUNCTION("""COMPUTED_VALUE"""),"Excellent") -> Excellent | AT10: =IFERROR(__xludf.DUMMYFUNCTION("""COMPUTED_VALUE"""),"Excellent") -> Excellent | AU10: =IFERROR(__xludf.DUMMYFUNCTION("""COMPUTED_VALUE"""),"Unsatisfactory") -> Unsatisfactory | AV10: =IFERROR(__xludf.DUMMYFUNCTION("""COMPUTED_VALUE"""),"Satisfactory") -> Satisfactory | AW10: =IFERROR(__xludf.DUMMYFUNCTION("""COMPUTED_VALUE"""),"None") -> None | AX10: =IFERROR(__xludf.DUMMYFUNCTION("""COMPUTED_VALUE"""),"Not have required background for TA: CS 2893, CS 2520, CS 2210, CS 1666, CS 1660/2060, CS 1635/2035, CS 1632, CS 1566, CS 1555/2055, CS 1510/2012, CS 1502, CS 0590, CS 0447, CS 0449 Need grading-only TA and these courses are recitation based: CS 1550, CS"&" 1520, CS 1503, CS 1501, CS 0445, CS 0441, CMPINF 0401, CS 0011/0012, CS 0007 ") -> Not have required background for TA: CS 2893, CS 2520, CS 2210, CS 1666, CS 1660/2060, CS 1635/2035, CS 1632, CS 1566, CS 1555/2055, CS 1510/2012, CS 1502, CS 0590, CS 0447, CS 0449 Need grading-only TA and these courses are recitation based: CS 1550, CS 1520, CS 1503, CS 1501, CS 0445, CS 0441, CMPINF 0401, CS 0011/0012, CS 0007 | AY10: =IFERROR(__xludf.DUMMYFUNCTION("""COMPUTED_VALUE"""),"Funding") -> Funding | AZ10: =IFERROR(__xludf.DUMMYFUNCTION("""COMPUTED_VALUE"""),"I kindly request a grading-only TA assignment, as I have multiple travel plans in the fall for conferences and personal family reasons.") -> I kindly request a grading-only TA assignment, as I have multiple travel plans in the fall for conferences and personal family reasons.
A11: =IFERROR(__xludf.DUMMYFUNCTION("""COMPUTED_VALUE"""),46246.68936491898) -> 46246.689 | B11: =IFERROR(__xludf.DUMMYFUNCTION("""COMPUTED_VALUE"""),"J") -> J | C11: =IFERROR(__xludf.DUMMYFUNCTION("""COMPUTED_VALUE"""),"H") -> H | D11: =IFERROR(__xludf.DUMMYFUNCTION("""COMPUTED_VALUE"""),"j@pitt.edu") -> j@pitt.edu | E11: =IFERROR(__xludf.DUMMYFUNCTION("""COMPUTED_VALUE"""),"First Choice Group") -> First Choice Group | F11: =IFERROR(__xludf.DUMMYFUNCTION("""COMPUTED_VALUE"""),"Second Choice") -> Second Choice | G11: =IFERROR(__xludf.DUMMYFUNCTION("""COMPUTED_VALUE"""),"Second Choice") -> Second Choice | H11: =IFERROR(__xludf.DUMMYFUNCTION("""COMPUTED_VALUE"""),"Third Choice Group") -> Third Choice Group | I11: =IFERROR(__xludf.DUMMYFUNCTION("""COMPUTED_VALUE"""),"First Choice Group") -> First Choice Group | J11: =IFERROR(__xludf.DUMMYFUNCTION("""COMPUTED_VALUE"""),"Cannot TA Group (explain below)") -> Cannot TA Group (explain below) | K11: =IFERROR(__xludf.DUMMYFUNCTION("""COMPUTED_VALUE"""),"Cannot TA Group (explain below)") -> Cannot TA Group (explain below) | L11: =IFERROR(__xludf.DUMMYFUNCTION("""COMPUTED_VALUE"""),"Second Choice") -> Second Choice | M11: =IFERROR(__xludf.DUMMYFUNCTION("""COMPUTED_VALUE"""),"First Choice Group") -> First Choice Group | N11: =IFERROR(__xludf.DUMMYFUNCTION("""COMPUTED_VALUE"""),"Third Choice Group") -> Third Choice Group | O11: =IFERROR(__xludf.DUMMYFUNCTION("""COMPUTED_VALUE"""),"Third Choice Group") -> Third Choice Group | P11: =IFERROR(__xludf.DUMMYFUNCTION("""COMPUTED_VALUE"""),"Cannot TA Group (explain below)") -> Cannot TA Group (explain below) | Q11: =IFERROR(__xludf.DUMMYFUNCTION("""COMPUTED_VALUE"""),"Third Choice Group") -> Third Choice Group | R11: =IFERROR(__xludf.DUMMYFUNCTION("""COMPUTED_VALUE"""),"Third Choice Group") -> Third Choice Group | S11: =IFERROR(__xludf.DUMMYFUNCTION("""COMPUTED_VALUE"""),"Cannot TA Group (explain below)") -> Cannot TA Group (explain below) | T11: =IFERROR(__xludf.DUMMYFUNCTION("""COMPUTED_VALUE"""),"Cannot TA Group (explain below)") -> Cannot TA Group (explain below) | U11: =IFERROR(__xludf.DUMMYFUNCTION("""COMPUTED_VALUE"""),"Cannot TA Group (explain below)") -> Cannot TA Group (explain below) | V11: =IFERROR(__xludf.DUMMYFUNCTION("""COMPUTED_VALUE"""),"Second Choice") -> Second Choice | W11: =IFERROR(__xludf.DUMMYFUNCTION("""COMPUTED_VALUE"""),"Third Choice Group") -> Third Choice Group | X11: =IFERROR(__xludf.DUMMYFUNCTION("""COMPUTED_VALUE"""),"Third Choice Group") -> Third Choice Group | Y11: =IFERROR(__xludf.DUMMYFUNCTION("""COMPUTED_VALUE"""),"Cannot TA Group (explain below)") -> Cannot TA Group (explain below) | Z11: =IFERROR(__xludf.DUMMYFUNCTION("""COMPUTED_VALUE"""),"First Choice Group") -> First Choice Group | AA11: =IFERROR(__xludf.DUMMYFUNCTION("""COMPUTED_VALUE"""),"Cannot TA Group (explain below)") -> Cannot TA Group (explain below) | AB11: =IFERROR(__xludf.DUMMYFUNCTION("""COMPUTED_VALUE"""),"Cannot TA Group (explain below)") -> Cannot TA Group (explain below) | AC11: =IFERROR(__xludf.DUMMYFUNCTION("""COMPUTED_VALUE"""),"Second Choice") -> Second Choice | AD11: =IFERROR(__xludf.DUMMYFUNCTION("""COMPUTED_VALUE"""),"Third Choice Group") -> Third Choice Group | AE11: =IFERROR(__xludf.DUMMYFUNCTION("""COMPUTED_VALUE"""),"Second Choice") -> Second Choice | AF11: =IFERROR(__xludf.DUMMYFUNCTION("""COMPUTED_VALUE"""),"Third Choice Group") -> Third Choice Group | AG11: =IFERROR(__xludf.DUMMYFUNCTION("""COMPUTED_VALUE"""),"Cannot TA Group (explain below)") -> Cannot TA Group (explain below) | AH11: =IFERROR(__xludf.DUMMYFUNCTION("""COMPUTED_VALUE"""),"Cannot TA Group (explain below)") -> Cannot TA Group (explain below) | AI11: =IFERROR(__xludf.DUMMYFUNCTION("""COMPUTED_VALUE"""),"Cannot TA Group (explain below)") -> Cannot TA Group (explain below) | AJ11: =IFERROR(__xludf.DUMMYFUNCTION("""COMPUTED_VALUE"""),"Cannot TA Group (explain below)") -> Cannot TA Group (explain below) | AK11: =IFERROR(__xludf.DUMMYFUNCTION("""COMPUTED_VALUE"""),"Third Choice Group") -> Third Choice Group | AL11: =IFERROR(__xludf.DUMMYFUNCTION("""COMPUTED_VALUE"""),"Second Choice") -> Second Choice | AM11: =IFERROR(__xludf.DUMMYFUNCTION("""COMPUTED_VALUE"""),"Third Choice Group") -> Third Choice Group | AN11: =IFERROR(__xludf.DUMMYFUNCTION("""COMPUTED_VALUE"""),"Cannot TA Group (explain below)") -> Cannot TA Group (explain below) | AO11: =IFERROR(__xludf.DUMMYFUNCTION("""COMPUTED_VALUE"""),"Excellent") -> Excellent | AP11: =IFERROR(__xludf.DUMMYFUNCTION("""COMPUTED_VALUE"""),"Strong") -> Strong | AQ11: =IFERROR(__xludf.DUMMYFUNCTION("""COMPUTED_VALUE"""),"Unsatisfactory") -> Unsatisfactory | AR11: =IFERROR(__xludf.DUMMYFUNCTION("""COMPUTED_VALUE"""),"Satisfactory") -> Satisfactory | AS11: =IFERROR(__xludf.DUMMYFUNCTION("""COMPUTED_VALUE"""),"Satisfactory") -> Satisfactory | AT11: =IFERROR(__xludf.DUMMYFUNCTION("""COMPUTED_VALUE"""),"Strong") -> Strong | AU11: =IFERROR(__xludf.DUMMYFUNCTION("""COMPUTED_VALUE"""),"Unsatisfactory") -> Unsatisfactory | AV11: =IFERROR(__xludf.DUMMYFUNCTION("""COMPUTED_VALUE"""),"Unsatisfactory") -> Unsatisfactory | AW11: =IFERROR(__xludf.DUMMYFUNCTION("""COMPUTED_VALUE"""),"Schedule is flexible. Might enroll for CS 2003, if TA duty permits. ") -> Schedule is flexible. Might enroll for CS 2003, if TA duty permits. | AX11: =IFERROR(__xludf.DUMMYFUNCTION("""COMPUTED_VALUE"""),"N/A") -> N/A | AY11: =IFERROR(__xludf.DUMMYFUNCTION("""COMPUTED_VALUE"""),"Funding, Teaching experience, Improve public speaking or other skills, Learn a new topic") -> Funding, Teaching experience, Improve public speaking or other skills, Learn a new topic | AZ11: =IFERROR(__xludf.DUMMYFUNCTION("""COMPUTED_VALUE"""),"I would prefer to avoid systems courses, if possible, because my background and interests are more aligned with other areas. I would be able to contribute more effectively as a TA in those courses.") -> I would prefer to avoid systems courses, if possible, because my background and interests are more aligned with other areas. I would be able to contribute more effectively as a TA in those courses.
A12: =IFERROR(__xludf.DUMMYFUNCTION("""COMPUTED_VALUE"""),46246.69990787037) -> 46246.7 | B12: =IFERROR(__xludf.DUMMYFUNCTION("""COMPUTED_VALUE"""),"K") -> K | C12: =IFERROR(__xludf.DUMMYFUNCTION("""COMPUTED_VALUE"""),"I") -> I | D12: =IFERROR(__xludf.DUMMYFUNCTION("""COMPUTED_VALUE"""),"k@pitt.edu") -> k@pitt.edu | E12: =IFERROR(__xludf.DUMMYFUNCTION("""COMPUTED_VALUE"""),"First Choice Group") -> First Choice Group | F12: =IFERROR(__xludf.DUMMYFUNCTION("""COMPUTED_VALUE"""),"First Choice Group") -> First Choice Group | G12: =IFERROR(__xludf.DUMMYFUNCTION("""COMPUTED_VALUE"""),"First Choice Group") -> First Choice Group | H12: =IFERROR(__xludf.DUMMYFUNCTION("""COMPUTED_VALUE"""),"Third Choice Group") -> Third Choice Group | I12: =IFERROR(__xludf.DUMMYFUNCTION("""COMPUTED_VALUE"""),"First Choice Group") -> First Choice Group | J12: =IFERROR(__xludf.DUMMYFUNCTION("""COMPUTED_VALUE"""),"Third Choice Group") -> Third Choice Group | K12: =IFERROR(__xludf.DUMMYFUNCTION("""COMPUTED_VALUE"""),"Third Choice Group") -> Third Choice Group | L12: =IFERROR(__xludf.DUMMYFUNCTION("""COMPUTED_VALUE"""),"Third Choice Group") -> Third Choice Group | M12: =IFERROR(__xludf.DUMMYFUNCTION("""COMPUTED_VALUE"""),"Second Choice") -> Second Choice | N12: =IFERROR(__xludf.DUMMYFUNCTION("""COMPUTED_VALUE"""),"Cannot TA Group (explain below)") -> Cannot TA Group (explain below) | O12: =IFERROR(__xludf.DUMMYFUNCTION("""COMPUTED_VALUE"""),"Second Choice") -> Second Choice | P12: =IFERROR(__xludf.DUMMYFUNCTION("""COMPUTED_VALUE"""),"Cannot TA Group (explain below)") -> Cannot TA Group (explain below) | Q12: =IFERROR(__xludf.DUMMYFUNCTION("""COMPUTED_VALUE"""),"First Choice Group") -> First Choice Group | R12: =IFERROR(__xludf.DUMMYFUNCTION("""COMPUTED_VALUE"""),"First Choice Group") -> First Choice Group | S12: =IFERROR(__xludf.DUMMYFUNCTION("""COMPUTED_VALUE"""),"Cannot TA Group (explain below)") -> Cannot TA Group (explain below) | T12: =IFERROR(__xludf.DUMMYFUNCTION("""COMPUTED_VALUE"""),"Cannot TA Group (explain below)") -> Cannot TA Group (explain below) | U12: =IFERROR(__xludf.DUMMYFUNCTION("""COMPUTED_VALUE"""),"Cannot TA Group (explain below)") -> Cannot TA Group (explain below) | V12: =IFERROR(__xludf.DUMMYFUNCTION("""COMPUTED_VALUE"""),"Cannot TA Group (explain below)") -> Cannot TA Group (explain below) | W12: =IFERROR(__xludf.DUMMYFUNCTION("""COMPUTED_VALUE"""),"Third Choice Group") -> Third Choice Group | X12: =IFERROR(__xludf.DUMMYFUNCTION("""COMPUTED_VALUE"""),"First Choice Group") -> First Choice Group | Y12: =IFERROR(__xludf.DUMMYFUNCTION("""COMPUTED_VALUE"""),"Second Choice") -> Second Choice | Z12: =IFERROR(__xludf.DUMMYFUNCTION("""COMPUTED_VALUE"""),"Cannot TA Group (explain below)") -> Cannot TA Group (explain below) | AA12: =IFERROR(__xludf.DUMMYFUNCTION("""COMPUTED_VALUE"""),"Cannot TA Group (explain below)") -> Cannot TA Group (explain below) | AB12: =IFERROR(__xludf.DUMMYFUNCTION("""COMPUTED_VALUE"""),"Cannot TA Group (explain below)") -> Cannot TA Group (explain below) | AC12: =IFERROR(__xludf.DUMMYFUNCTION("""COMPUTED_VALUE"""),"First Choice Group") -> First Choice Group | AD12: =IFERROR(__xludf.DUMMYFUNCTION("""COMPUTED_VALUE"""),"Third Choice Group") -> Third Choice Group | AE12: =IFERROR(__xludf.DUMMYFUNCTION("""COMPUTED_VALUE"""),"Second Choice") -> Second Choice | AF12: =IFERROR(__xludf.DUMMYFUNCTION("""COMPUTED_VALUE"""),"First Choice Group") -> First Choice Group | AG12: =IFERROR(__xludf.DUMMYFUNCTION("""COMPUTED_VALUE"""),"First Choice Group") -> First Choice Group | AH12: =IFERROR(__xludf.DUMMYFUNCTION("""COMPUTED_VALUE"""),"Cannot TA Group (explain below)") -> Cannot TA Group (explain below) | AI12: =IFERROR(__xludf.DUMMYFUNCTION("""COMPUTED_VALUE"""),"Cannot TA Group (explain below)") -> Cannot TA Group (explain below) | AJ12: =IFERROR(__xludf.DUMMYFUNCTION("""COMPUTED_VALUE"""),"Cannot TA Group (explain below)") -> Cannot TA Group (explain below) | AK12: =IFERROR(__xludf.DUMMYFUNCTION("""COMPUTED_VALUE"""),"Cannot TA Group (explain below)") -> Cannot TA Group (explain below) | AL12: =IFERROR(__xludf.DUMMYFUNCTION("""COMPUTED_VALUE"""),"Second Choice") -> Second Choice | AM12: =IFERROR(__xludf.DUMMYFUNCTION("""COMPUTED_VALUE"""),"Third Choice Group") -> Third Choice Group | AN12: =IFERROR(__xludf.DUMMYFUNCTION("""COMPUTED_VALUE"""),"Cannot TA Group (explain below)") -> Cannot TA Group (explain below) | AO12: =IFERROR(__xludf.DUMMYFUNCTION("""COMPUTED_VALUE"""),"Excellent") -> Excellent | AP12: =IFERROR(__xludf.DUMMYFUNCTION("""COMPUTED_VALUE"""),"Excellent") -> Excellent | AQ12: =IFERROR(__xludf.DUMMYFUNCTION("""COMPUTED_VALUE"""),"Satisfactory") -> Satisfactory | AR12: =IFERROR(__xludf.DUMMYFUNCTION("""COMPUTED_VALUE"""),"Unsatisfactory") -> Unsatisfactory | AS12: =IFERROR(__xludf.DUMMYFUNCTION("""COMPUTED_VALUE"""),"Strong") -> Strong | AT12: =IFERROR(__xludf.DUMMYFUNCTION("""COMPUTED_VALUE"""),"Strong") -> Strong | AU12: =IFERROR(__xludf.DUMMYFUNCTION("""COMPUTED_VALUE"""),"Unsatisfactory") -> Unsatisfactory | AV12: =IFERROR(__xludf.DUMMYFUNCTION("""COMPUTED_VALUE"""),"Satisfactory") -> Satisfactory | AW12: =IFERROR(__xludf.DUMMYFUNCTION("""COMPUTED_VALUE"""),"I am not available before noon. Additionally, I am not available Fridays from 12PM-2PM due to my CS2003 requirements.") -> I am not available before noon. Additionally, I am not available Fridays from 12PM-2PM due to my CS2003 requirements. | AX12: =IFERROR(__xludf.DUMMYFUNCTION("""COMPUTED_VALUE"""),"Any course listed as ""Cannot TA"" is because either I have never taken the course, or I do not believe my knowledge on the subject is satisfactory for the TA role.") -> Any course listed as "Cannot TA" is because either I have never taken the course, or I do not believe my knowledge on the subject is satisfactory for the TA role. | AY12: =IFERROR(__xludf.DUMMYFUNCTION("""COMPUTED_VALUE"""),"Funding, Teaching experience, Improve public speaking or other skills, Learn a new topic") -> Funding, Teaching experience, Improve public speaking or other skills, Learn a new topic | AZ12: =IFERROR(__xludf.DUMMYFUNCTION("""COMPUTED_VALUE"""),"Any course listed as ""Cannot TA"" is because either I have never taken the course, or I do not believe my knowledge on the subject is satisfactory for the TA role.") -> Any course listed as "Cannot TA" is because either I have never taken the course, or I do not believe my knowledge on the subject is satisfactory for the TA role.
A13: =IFERROR(__xludf.DUMMYFUNCTION("""COMPUTED_VALUE"""),46246.91447701389) -> 46246.914 | B13: =IFERROR(__xludf.DUMMYFUNCTION("""COMPUTED_VALUE"""),"L") -> L | C13: =IFERROR(__xludf.DUMMYFUNCTION("""COMPUTED_VALUE"""),"J") -> J | D13: =IFERROR(__xludf.DUMMYFUNCTION("""COMPUTED_VALUE"""),"l@pitt.edu") -> l@pitt.edu | E13: =IFERROR(__xludf.DUMMYFUNCTION("""COMPUTED_VALUE"""),"Cannot TA Group (explain below)") -> Cannot TA Group (explain below) | F13: =IFERROR(__xludf.DUMMYFUNCTION("""COMPUTED_VALUE"""),"Cannot TA Group (explain below)") -> Cannot TA Group (explain below) | G13: =IFERROR(__xludf.DUMMYFUNCTION("""COMPUTED_VALUE"""),"Cannot TA Group (explain below)") -> Cannot TA Group (explain below) | H13: =IFERROR(__xludf.DUMMYFUNCTION("""COMPUTED_VALUE"""),"Cannot TA Group (explain below)") -> Cannot TA Group (explain below) | I13: =IFERROR(__xludf.DUMMYFUNCTION("""COMPUTED_VALUE"""),"Cannot TA Group (explain below)") -> Cannot TA Group (explain below) | J13: =IFERROR(__xludf.DUMMYFUNCTION("""COMPUTED_VALUE"""),"Cannot TA Group (explain below)") -> Cannot TA Group (explain below) | K13: =IFERROR(__xludf.DUMMYFUNCTION("""COMPUTED_VALUE"""),"Cannot TA Group (explain below)") -> Cannot TA Group (explain below) | L13: =IFERROR(__xludf.DUMMYFUNCTION("""COMPUTED_VALUE"""),"Cannot TA Group (explain below)") -> Cannot TA Group (explain below) | ... U13: =IFERROR(__xludf.DUMMYFUNCTION("""COMPUTED_VALUE"""),"Cannot TA Group (explain below)") -> Cannot TA Group (explain below) | V13: =IFERROR(__xludf.DUMMYFUNCTION("""COMPUTED_VALUE"""),"Third Choice Group") -> Third Choice Group | W13: =IFERROR(__xludf.DUMMYFUNCTION("""COMPUTED_VALUE"""),"Cannot TA Group (explain below)") -> Cannot TA Group (explain below) | X13: =IFERROR(__xludf.DUMMYFUNCTION("""COMPUTED_VALUE"""),"Cannot TA Group (explain below)") -> Cannot TA Group (explain below) | Y13: =IFERROR(__xludf.DUMMYFUNCTION("""COMPUTED_VALUE"""),"Cannot TA Group (explain below)") -> Cannot TA Group (explain below) | Z13: =IFERROR(__xludf.DUMMYFUNCTION("""COMPUTED_VALUE"""),"Cannot TA Group (explain below)") -> Cannot TA Group (explain below) | AA13: =IFERROR(__xludf.DUMMYFUNCTION("""COMPUTED_VALUE"""),"Cannot TA Group (explain below)") -> Cannot TA Group (explain below) | AB13: =IFERROR(__xludf.DUMMYFUNCTION("""COMPUTED_VALUE"""),"Cannot TA Group (explain below)") -> Cannot TA Group (explain below) | AC13: =IFERROR(__xludf.DUMMYFUNCTION("""COMPUTED_VALUE"""),"Cannot TA Group (explain below)") -> Cannot TA Group (explain below) | AD13: =IFERROR(__xludf.DUMMYFUNCTION("""COMPUTED_VALUE"""),"Cannot TA Group (explain below)") -> Cannot TA Group (explain below) | AE13: =IFERROR(__xludf.DUMMYFUNCTION("""COMPUTED_VALUE"""),"Second Choice") -> Second Choice | AF13: =IFERROR(__xludf.DUMMYFUNCTION("""COMPUTED_VALUE"""),"Cannot TA Group (explain below)") -> Cannot TA Group (explain below) | AG13: =IFERROR(__xludf.DUMMYFUNCTION("""COMPUTED_VALUE"""),"Cannot TA Group (explain below)") -> Cannot TA Group (explain below) | AH13: =IFERROR(__xludf.DUMMYFUNCTION("""COMPUTED_VALUE"""),"Cannot TA Group (explain below)") -> Cannot TA Group (explain below) | AI13: =IFERROR(__xludf.DUMMYFUNCTION("""COMPUTED_VALUE"""),"Cannot TA Group (explain below)") -> Cannot TA Group (explain below) | AJ13: =IFERROR(__xludf.DUMMYFUNCTION("""COMPUTED_VALUE"""),"Cannot TA Group (explain below)") -> Cannot TA Group (explain below) | AK13: =IFERROR(__xludf.DUMMYFUNCTION("""COMPUTED_VALUE"""),"Second Choice") -> Second Choice | AL13: =IFERROR(__xludf.DUMMYFUNCTION("""COMPUTED_VALUE"""),"First Choice Group") -> First Choice Group | AM13: =IFERROR(__xludf.DUMMYFUNCTION("""COMPUTED_VALUE"""),"Third Choice Group") -> Third Choice Group | AN13: =IFERROR(__xludf.DUMMYFUNCTION("""COMPUTED_VALUE"""),"Cannot TA Group (explain below)") -> Cannot TA Group (explain below) | AO13: =IFERROR(__xludf.DUMMYFUNCTION("""COMPUTED_VALUE"""),"Unsatisfactory") -> Unsatisfactory | AP13: =IFERROR(__xludf.DUMMYFUNCTION("""COMPUTED_VALUE"""),"Unsatisfactory") -> Unsatisfactory | AQ13: =IFERROR(__xludf.DUMMYFUNCTION("""COMPUTED_VALUE"""),"Unsatisfactory") -> Unsatisfactory | AR13: =IFERROR(__xludf.DUMMYFUNCTION("""COMPUTED_VALUE"""),"Unsatisfactory") -> Unsatisfactory | AS13: =IFERROR(__xludf.DUMMYFUNCTION("""COMPUTED_VALUE"""),"Unsatisfactory") -> Unsatisfactory | AT13: =IFERROR(__xludf.DUMMYFUNCTION("""COMPUTED_VALUE"""),"Excellent") -> Excellent | AU13: =IFERROR(__xludf.DUMMYFUNCTION("""COMPUTED_VALUE"""),"Unsatisfactory") -> Unsatisfactory | AV13: =IFERROR(__xludf.DUMMYFUNCTION("""COMPUTED_VALUE"""),"Unsatisfactory") -> Unsatisfactory | AW13: =IFERROR(__xludf.DUMMYFUNCTION("""COMPUTED_VALUE"""),"N/A") -> N/A | AX13: =IFERROR(__xludf.DUMMYFUNCTION("""COMPUTED_VALUE"""),"N/A") -> N/A | AY13: =IFERROR(__xludf.DUMMYFUNCTION("""COMPUTED_VALUE"""),"Funding") -> Funding | AZ13: =IFERROR(__xludf.DUMMYFUNCTION("""COMPUTED_VALUE"""),"Hi, my research focuses on NLP and ML, so related courses may fit my background better. Thank you!") -> Hi, my research focuses on NLP and ML, so related courses may fit my background better. Thank you!
A14: =IFERROR(__xludf.DUMMYFUNCTION("""COMPUTED_VALUE"""),46247.01239484954) -> 46247.012 | B14: =IFERROR(__xludf.DUMMYFUNCTION("""COMPUTED_VALUE"""),"M") -> M | C14: =IFERROR(__xludf.DUMMYFUNCTION("""COMPUTED_VALUE"""),"K") -> K | D14: =IFERROR(__xludf.DUMMYFUNCTION("""COMPUTED_VALUE"""),"m@pitt.edu") -> m@pitt.edu | E14: =IFERROR(__xludf.DUMMYFUNCTION("""COMPUTED_VALUE"""),"Second Choice") -> Second Choice | F14: =IFERROR(__xludf.DUMMYFUNCTION("""COMPUTED_VALUE"""),"Cannot TA Group (explain below)") -> Cannot TA Group (explain below) | G14: =IFERROR(__xludf.DUMMYFUNCTION("""COMPUTED_VALUE"""),"First Choice Group") -> First Choice Group | H14: =IFERROR(__xludf.DUMMYFUNCTION("""COMPUTED_VALUE"""),"Third Choice Group") -> Third Choice Group | I14: =IFERROR(__xludf.DUMMYFUNCTION("""COMPUTED_VALUE"""),"First Choice Group") -> First Choice Group | J14: =IFERROR(__xludf.DUMMYFUNCTION("""COMPUTED_VALUE"""),"First Choice Group") -> First Choice Group | K14: =IFERROR(__xludf.DUMMYFUNCTION("""COMPUTED_VALUE"""),"Third Choice Group") -> Third Choice Group | L14: =IFERROR(__xludf.DUMMYFUNCTION("""COMPUTED_VALUE"""),"Cannot TA Group (explain below)") -> Cannot TA Group (explain below) | M14: =IFERROR(__xludf.DUMMYFUNCTION("""COMPUTED_VALUE"""),"First Choice Group") -> First Choice Group | N14: =IFERROR(__xludf.DUMMYFUNCTION("""COMPUTED_VALUE"""),"Third Choice Group") -> Third Choice Group | O14: =IFERROR(__xludf.DUMMYFUNCTION("""COMPUTED_VALUE"""),"Third Choice Group") -> Third Choice Group | P14: =IFERROR(__xludf.DUMMYFUNCTION("""COMPUTED_VALUE"""),"Third Choice Group") -> Third Choice Group | Q14: =IFERROR(__xludf.DUMMYFUNCTION("""COMPUTED_VALUE"""),"Cannot TA Group (explain below)") -> Cannot TA Group (explain below) | R14: =IFERROR(__xludf.DUMMYFUNCTION("""COMPUTED_VALUE"""),"Third Choice Group") -> Third Choice Group | S14: =IFERROR(__xludf.DUMMYFUNCTION("""COMPUTED_VALUE"""),"Third Choice Group") -> Third Choice Group | T14: =IFERROR(__xludf.DUMMYFUNCTION("""COMPUTED_VALUE"""),"Third Choice Group") -> Third Choice Group | U14: =IFERROR(__xludf.DUMMYFUNCTION("""COMPUTED_VALUE"""),"Third Choice Group") -> Third Choice Group | V14: =IFERROR(__xludf.DUMMYFUNCTION("""COMPUTED_VALUE"""),"Cannot TA Group (explain below)") -> Cannot TA Group (explain below) | W14: =IFERROR(__xludf.DUMMYFUNCTION("""COMPUTED_VALUE"""),"Cannot TA Group (explain below)") -> Cannot TA Group (explain below) | X14: =IFERROR(__xludf.DUMMYFUNCTION("""COMPUTED_VALUE"""),"Second Choice") -> Second Choice | Y14: =IFERROR(__xludf.DUMMYFUNCTION("""COMPUTED_VALUE"""),"Cannot TA Group (explain below)") -> Cannot TA Group (explain below) | Z14: =IFERROR(__xludf.DUMMYFUNCTION("""COMPUTED_VALUE"""),"Third Choice Group") -> Third Choice Group | AA14: =IFERROR(__xludf.DUMMYFUNCTION("""COMPUTED_VALUE"""),"Cannot TA Group (explain below)") -> Cannot TA Group (explain below) | AB14: =IFERROR(__xludf.DUMMYFUNCTION("""COMPUTED_VALUE"""),"Cannot TA Group (explain below)") -> Cannot TA Group (explain below) | AC14: =IFERROR(__xludf.DUMMYFUNCTION("""COMPUTED_VALUE"""),"Cannot TA Group (explain below)") -> Cannot TA Group (explain below) | AD14: =IFERROR(__xludf.DUMMYFUNCTION("""COMPUTED_VALUE"""),"Cannot TA Group (explain below)") -> Cannot TA Group (explain below) | AE14: =IFERROR(__xludf.DUMMYFUNCTION("""COMPUTED_VALUE"""),"Cannot TA Group (explain below)") -> Cannot TA Group (explain below) | AF14: =IFERROR(__xludf.DUMMYFUNCTION("""COMPUTED_VALUE"""),"Third Choice Group") -> Third Choice Group | AG14: =IFERROR(__xludf.DUMMYFUNCTION("""COMPUTED_VALUE"""),"Cannot TA Group (explain below)") -> Cannot TA Group (explain below) | AH14: =IFERROR(__xludf.DUMMYFUNCTION("""COMPUTED_VALUE"""),"First Choice Group") -> First Choice Group | AI14: =IFERROR(__xludf.DUMMYFUNCTION("""COMPUTED_VALUE"""),"Third Choice Group") -> Third Choice Group | AJ14: =IFERROR(__xludf.DUMMYFUNCTION("""COMPUTED_VALUE"""),"Cannot TA Group (explain below)") -> Cannot TA Group (explain below) | AK14: =IFERROR(__xludf.DUMMYFUNCTION("""COMPUTED_VALUE"""),"Cannot TA Group (explain below)") -> Cannot TA Group (explain below) | AL14: =IFERROR(__xludf.DUMMYFUNCTION("""COMPUTED_VALUE"""),"Cannot TA Group (explain below)") -> Cannot TA Group (explain below) | AM14: =IFERROR(__xludf.DUMMYFUNCTION("""COMPUTED_VALUE"""),"Cannot TA Group (explain below)") -> Cannot TA Group (explain below) | AN14: =IFERROR(__xludf.DUMMYFUNCTION("""COMPUTED_VALUE"""),"Cannot TA Group (explain below)") -> Cannot TA Group (explain below) | AO14: =IFERROR(__xludf.DUMMYFUNCTION("""COMPUTED_VALUE"""),"Excellent") -> Excellent | AP14: =IFERROR(__xludf.DUMMYFUNCTION("""COMPUTED_VALUE"""),"Strong") -> Strong | AQ14: =IFERROR(__xludf.DUMMYFUNCTION("""COMPUTED_VALUE"""),"Excellent") -> Excellent | AR14: =IFERROR(__xludf.DUMMYFUNCTION("""COMPUTED_VALUE"""),"Strong") -> Strong | AS14: =IFERROR(__xludf.DUMMYFUNCTION("""COMPUTED_VALUE"""),"Excellent") -> Excellent | AT14: =IFERROR(__xludf.DUMMYFUNCTION("""COMPUTED_VALUE"""),"Satisfactory") -> Satisfactory | AU14: =IFERROR(__xludf.DUMMYFUNCTION("""COMPUTED_VALUE"""),"Unsatisfactory") -> Unsatisfactory | AV14: =IFERROR(__xludf.DUMMYFUNCTION("""COMPUTED_VALUE"""),"Satisfactory") -> Satisfactory | AW14: =IFERROR(__xludf.DUMMYFUNCTION("""COMPUTED_VALUE"""),"Monday: 9:00 AM - 5:00 PM Tuesday: 9:00 AM - 5:00 PM Wednesday: 9:00 AM - 5:00 PM Thursday: Available 10:00 AM - 3:00 PM and after 5:00 PM (unavailable 9:00 AM - 10:00 AM and 3:00 PM - 5:00 PM) Friday: Not available") -> Monday: 9:00 AM - 5:00 PM Tuesday: 9:00 AM - 5:00 PM Wednesday: 9:00 AM - 5:00 PM Thursday: Available 10:00 AM - 3:00 PM and after 5:00 PM (unavailable 9:00 AM - 10:00 AM and 3:00 PM - 5:00 PM) Friday: Not available | AX14: =IFERROR(__xludf.DUMMYFUNCTION("""COMPUTED_VALUE"""),"I would prefer to serve as a grader for most courses, especially CS 0447, as I have been a TA for this course several times and am very familiar with the course material and grading expectations") -> I would prefer to serve as a grader for most courses, especially CS 0447, as I have been a TA for this course several times and am very familiar with the course material and grading expectations | AY14: =IFERROR(__xludf.DUMMYFUNCTION("""COMPUTED_VALUE"""),"Funding") -> Funding | AZ14: =IFERROR(__xludf.DUMMYFUNCTION("""COMPUTED_VALUE"""),"I will be defending my proposal this semester, so my schedule is particularly busy. Because of this, I strongly prefer a grader position rather than a TA position. I would be most effective grading a course that I already have experience with, especially "&"one I have supported before. Since I work from home most of the time and have significant research commitments, a grader role would be the best fit for me and would allow me to contribute effectively while balancing my academic responsibilities.") -> I will be defending my proposal this semester, so my schedule is particularly busy. Because of this, I strongly prefer a grader position rather than a TA position. I would be most effective grading a course that I already have experience with, especially one I have supported before. Since I work from home most of the time and have significant research commitments, a grader role would be the best fit for me and would allow me to contribute effectively while balancing my academic responsibilities.
A15: =IFERROR(__xludf.DUMMYFUNCTION("""COMPUTED_VALUE"""),46247.53354724537) -> 46247.534 | B15: =IFERROR(__xludf.DUMMYFUNCTION("""COMPUTED_VALUE"""),"N") -> N | C15: =IFERROR(__xludf.DUMMYFUNCTION("""COMPUTED_VALUE"""),"L") -> L | D15: =IFERROR(__xludf.DUMMYFUNCTION("""COMPUTED_VALUE"""),"n@pitt.edu") -> n@pitt.edu | E15: =IFERROR(__xludf.DUMMYFUNCTION("""COMPUTED_VALUE"""),"First Choice Group") -> First Choice Group | F15: =IFERROR(__xludf.DUMMYFUNCTION("""COMPUTED_VALUE"""),"First Choice Group") -> First Choice Group | G15: =IFERROR(__xludf.DUMMYFUNCTION("""COMPUTED_VALUE"""),"First Choice Group") -> First Choice Group | H15: =IFERROR(__xludf.DUMMYFUNCTION("""COMPUTED_VALUE"""),"First Choice Group") -> First Choice Group | I15: =IFERROR(__xludf.DUMMYFUNCTION("""COMPUTED_VALUE"""),"First Choice Group") -> First Choice Group | J15: =IFERROR(__xludf.DUMMYFUNCTION("""COMPUTED_VALUE"""),"First Choice Group") -> First Choice Group | K15: =IFERROR(__xludf.DUMMYFUNCTION("""COMPUTED_VALUE"""),"First Choice Group") -> First Choice Group | L15: =IFERROR(__xludf.DUMMYFUNCTION("""COMPUTED_VALUE"""),"First Choice Group") -> First Choice Group | M15: =IFERROR(__xludf.DUMMYFUNCTION("""COMPUTED_VALUE"""),"Second Choice") -> Second Choice | N15: =IFERROR(__xludf.DUMMYFUNCTION("""COMPUTED_VALUE"""),"Third Choice Group") -> Third Choice Group | O15: =IFERROR(__xludf.DUMMYFUNCTION("""COMPUTED_VALUE"""),"Third Choice Group") -> Third Choice Group | P15: =IFERROR(__xludf.DUMMYFUNCTION("""COMPUTED_VALUE"""),"First Choice Group") -> First Choice Group | Q15: =IFERROR(__xludf.DUMMYFUNCTION("""COMPUTED_VALUE"""),"First Choice Group") -> First Choice Group | R15: =IFERROR(__xludf.DUMMYFUNCTION("""COMPUTED_VALUE"""),"Second Choice") -> Second Choice | S15: =IFERROR(__xludf.DUMMYFUNCTION("""COMPUTED_VALUE"""),"Cannot TA Group (explain below)") -> Cannot TA Group (explain below) | T15: =IFERROR(__xludf.DUMMYFUNCTION("""COMPUTED_VALUE"""),"Third Choice Group") -> Third Choice Group | U15: =IFERROR(__xludf.DUMMYFUNCTION("""COMPUTED_VALUE"""),"Cannot TA Group (explain below)") -> Cannot TA Group (explain below) | V15: =IFERROR(__xludf.DUMMYFUNCTION("""COMPUTED_VALUE"""),"Second Choice") -> Second Choice | W15: =IFERROR(__xludf.DUMMYFUNCTION("""COMPUTED_VALUE"""),"Second Choice") -> Second Choice | X15: =IFERROR(__xludf.DUMMYFUNCTION("""COMPUTED_VALUE"""),"Second Choice") -> Second Choice | Y15: =IFERROR(__xludf.DUMMYFUNCTION("""COMPUTED_VALUE"""),"Third Choice Group") -> Third Choice Group | Z15: =IFERROR(__xludf.DUMMYFUNCTION("""COMPUTED_VALUE"""),"Second Choice") -> Second Choice | AA15: =IFERROR(__xludf.DUMMYFUNCTION("""COMPUTED_VALUE"""),"Second Choice") -> Second Choice | AB15: =IFERROR(__xludf.DUMMYFUNCTION("""COMPUTED_VALUE"""),"Third Choice Group") -> Third Choice Group | AC15: =IFERROR(__xludf.DUMMYFUNCTION("""COMPUTED_VALUE"""),"Second Choice") -> Second Choice | AD15: =IFERROR(__xludf.DUMMYFUNCTION("""COMPUTED_VALUE"""),"Cannot TA Group (explain below)") -> Cannot TA Group (explain below) | AE15: =IFERROR(__xludf.DUMMYFUNCTION("""COMPUTED_VALUE"""),"Third Choice Group") -> Third Choice Group | AF15: =IFERROR(__xludf.DUMMYFUNCTION("""COMPUTED_VALUE"""),"Second Choice") -> Second Choice | AG15: =IFERROR(__xludf.DUMMYFUNCTION("""COMPUTED_VALUE"""),"Second Choice") -> Second Choice | AH15: =IFERROR(__xludf.DUMMYFUNCTION("""COMPUTED_VALUE"""),"Second Choice") -> Second Choice | AI15: =IFERROR(__xludf.DUMMYFUNCTION("""COMPUTED_VALUE"""),"Second Choice") -> Second Choice | AJ15: =IFERROR(__xludf.DUMMYFUNCTION("""COMPUTED_VALUE"""),"Cannot TA Group (explain below)") -> Cannot TA Group (explain below) | AK15: =IFERROR(__xludf.DUMMYFUNCTION("""COMPUTED_VALUE"""),"Second Choice") -> Second Choice | AL15: =IFERROR(__xludf.DUMMYFUNCTION("""COMPUTED_VALUE"""),"Second Choice") -> Second Choice | AM15: =IFERROR(__xludf.DUMMYFUNCTION("""COMPUTED_VALUE"""),"Second Choice") -> Second Choice | AN15: =IFERROR(__xludf.DUMMYFUNCTION("""COMPUTED_VALUE"""),"Cannot TA Group (explain below)") -> Cannot TA Group (explain below) | AO15: =IFERROR(__xludf.DUMMYFUNCTION("""COMPUTED_VALUE"""),"Excellent") -> Excellent | AP15: =IFERROR(__xludf.DUMMYFUNCTION("""COMPUTED_VALUE"""),"Strong") -> Strong | AQ15: =IFERROR(__xludf.DUMMYFUNCTION("""COMPUTED_VALUE"""),"Satisfactory") -> Satisfactory | AR15: =IFERROR(__xludf.DUMMYFUNCTION("""COMPUTED_VALUE"""),"Excellent") -> Excellent | AS15: =IFERROR(__xludf.DUMMYFUNCTION("""COMPUTED_VALUE"""),"Excellent") -> Excellent | AT15: =IFERROR(__xludf.DUMMYFUNCTION("""COMPUTED_VALUE"""),"Satisfactory") -> Satisfactory | AU15: =IFERROR(__xludf.DUMMYFUNCTION("""COMPUTED_VALUE"""),"Unsatisfactory") -> Unsatisfactory | AV15: =IFERROR(__xludf.DUMMYFUNCTION("""COMPUTED_VALUE"""),"Satisfactory") -> Satisfactory | AW15: =IFERROR(__xludf.DUMMYFUNCTION("""COMPUTED_VALUE"""),"Wednesday afternoons – group meeting Friday mornings – group meeting Friday afternoons – CS 2003 class") -> Wednesday afternoons – group meeting Friday mornings – group meeting Friday afternoons – CS 2003 class | AX15: =IFERROR(__xludf.DUMMYFUNCTION("""COMPUTED_VALUE"""),"N/A") -> N/A | AY15: =IFERROR(__xludf.DUMMYFUNCTION("""COMPUTED_VALUE"""),"Funding, Learn a new topic") -> Funding, Learn a new topic | AZ15: =IFERROR(__xludf.DUMMYFUNCTION("""COMPUTED_VALUE"""),"I would prefer to avoid courses that are substantially outside my background, as well as courses in which I have limited confidence based on my previous experience.") -> I would prefer to avoid courses that are substantially outside my background, as well as courses in which I have limited confidence based on my previous experience.
A16: =IFERROR(__xludf.DUMMYFUNCTION("""COMPUTED_VALUE"""),46247.553784641204) -> 46247.554 | B16: =IFERROR(__xludf.DUMMYFUNCTION("""COMPUTED_VALUE"""),"O") -> O | C16: =IFERROR(__xludf.DUMMYFUNCTION("""COMPUTED_VALUE"""),"M") -> M | D16: =IFERROR(__xludf.DUMMYFUNCTION("""COMPUTED_VALUE"""),"o@pitt.edu") -> o@pitt.edu | E16: =IFERROR(__xludf.DUMMYFUNCTION("""COMPUTED_VALUE"""),"Third Choice Group") -> Third Choice Group | F16: =IFERROR(__xludf.DUMMYFUNCTION("""COMPUTED_VALUE"""),"Third Choice Group") -> Third Choice Group | G16: =IFERROR(__xludf.DUMMYFUNCTION("""COMPUTED_VALUE"""),"Third Choice Group") -> Third Choice Group | H16: =IFERROR(__xludf.DUMMYFUNCTION("""COMPUTED_VALUE"""),"Second Choice") -> Second Choice | I16: =IFERROR(__xludf.DUMMYFUNCTION("""COMPUTED_VALUE"""),"Third Choice Group") -> Third Choice Group | J16: =IFERROR(__xludf.DUMMYFUNCTION("""COMPUTED_VALUE"""),"First Choice Group") -> First Choice Group | K16: =IFERROR(__xludf.DUMMYFUNCTION("""COMPUTED_VALUE"""),"First Choice Group") -> First Choice Group | L16: =IFERROR(__xludf.DUMMYFUNCTION("""COMPUTED_VALUE"""),"Third Choice Group") -> Third Choice Group | M16: =IFERROR(__xludf.DUMMYFUNCTION("""COMPUTED_VALUE"""),"Second Choice") -> Second Choice | N16: =IFERROR(__xludf.DUMMYFUNCTION("""COMPUTED_VALUE"""),"First Choice Group") -> First Choice Group | O16: =IFERROR(__xludf.DUMMYFUNCTION("""COMPUTED_VALUE"""),"Third Choice Group") -> Third Choice Group | P16: =IFERROR(__xludf.DUMMYFUNCTION("""COMPUTED_VALUE"""),"Second Choice") -> Second Choice | Q16: =IFERROR(__xludf.DUMMYFUNCTION("""COMPUTED_VALUE"""),"First Choice Group") -> First Choice Group | R16: =IFERROR(__xludf.DUMMYFUNCTION("""COMPUTED_VALUE"""),"Third Choice Group") -> Third Choice Group | S16: =IFERROR(__xludf.DUMMYFUNCTION("""COMPUTED_VALUE"""),"First Choice Group") -> First Choice Group | T16: =IFERROR(__xludf.DUMMYFUNCTION("""COMPUTED_VALUE"""),"Third Choice Group") -> Third Choice Group | U16: =IFERROR(__xludf.DUMMYFUNCTION("""COMPUTED_VALUE"""),"Third Choice Group") -> Third Choice Group | V16: =IFERROR(__xludf.DUMMYFUNCTION("""COMPUTED_VALUE"""),"Second Choice") -> Second Choice | W16: =IFERROR(__xludf.DUMMYFUNCTION("""COMPUTED_VALUE"""),"Third Choice Group") -> Third Choice Group | X16: =IFERROR(__xludf.DUMMYFUNCTION("""COMPUTED_VALUE"""),"Third Choice Group") -> Third Choice Group | Y16: =IFERROR(__xludf.DUMMYFUNCTION("""COMPUTED_VALUE"""),"Third Choice Group") -> Third Choice Group | Z16: =IFERROR(__xludf.DUMMYFUNCTION("""COMPUTED_VALUE"""),"Third Choice Group") -> Third Choice Group | AA16: =IFERROR(__xludf.DUMMYFUNCTION("""COMPUTED_VALUE"""),"Third Choice Group") -> Third Choice Group | AB16: =IFERROR(__xludf.DUMMYFUNCTION("""COMPUTED_VALUE"""),"Second Choice") -> Second Choice | AC16: =IFERROR(__xludf.DUMMYFUNCTION("""COMPUTED_VALUE"""),"Second Choice") -> Second Choice | AD16: =IFERROR(__xludf.DUMMYFUNCTION("""COMPUTED_VALUE"""),"Third Choice Group") -> Third Choice Group | AE16: =IFERROR(__xludf.DUMMYFUNCTION("""COMPUTED_VALUE"""),"Second Choice") -> Second Choice | AF16: =IFERROR(__xludf.DUMMYFUNCTION("""COMPUTED_VALUE"""),"Second Choice") -> Second Choice | AG16: =IFERROR(__xludf.DUMMYFUNCTION("""COMPUTED_VALUE"""),"Third Choice Group") -> Third Choice Group | AH16: =IFERROR(__xludf.DUMMYFUNCTION("""COMPUTED_VALUE"""),"Third Choice Group") -> Third Choice Group | AI16: =IFERROR(__xludf.DUMMYFUNCTION("""COMPUTED_VALUE"""),"First Choice Group") -> First Choice Group | AJ16: =IFERROR(__xludf.DUMMYFUNCTION("""COMPUTED_VALUE"""),"Third Choice Group") -> Third Choice Group | AK16: =IFERROR(__xludf.DUMMYFUNCTION("""COMPUTED_VALUE"""),"Second Choice") -> Second Choice | AL16: =IFERROR(__xludf.DUMMYFUNCTION("""COMPUTED_VALUE"""),"First Choice Group") -> First Choice Group | AM16: =IFERROR(__xludf.DUMMYFUNCTION("""COMPUTED_VALUE"""),"Second Choice") -> Second Choice | AN16: =IFERROR(__xludf.DUMMYFUNCTION("""COMPUTED_VALUE"""),"Second Choice") -> Second Choice | AO16: =IFERROR(__xludf.DUMMYFUNCTION("""COMPUTED_VALUE"""),"Excellent") -> Excellent | AP16: =IFERROR(__xludf.DUMMYFUNCTION("""COMPUTED_VALUE"""),"Excellent") -> Excellent | AQ16: =IFERROR(__xludf.DUMMYFUNCTION("""COMPUTED_VALUE"""),"Strong") -> Strong | AR16: =IFERROR(__xludf.DUMMYFUNCTION("""COMPUTED_VALUE"""),"Excellent") -> Excellent | AS16: =IFERROR(__xludf.DUMMYFUNCTION("""COMPUTED_VALUE"""),"Satisfactory") -> Satisfactory | AT16: =IFERROR(__xludf.DUMMYFUNCTION("""COMPUTED_VALUE"""),"Strong") -> Strong | AU16: =IFERROR(__xludf.DUMMYFUNCTION("""COMPUTED_VALUE"""),"Satisfactory") -> Satisfactory | AV16: =IFERROR(__xludf.DUMMYFUNCTION("""COMPUTED_VALUE"""),"Unsatisfactory") -> Unsatisfactory | AW16: =IFERROR(__xludf.DUMMYFUNCTION("""COMPUTED_VALUE"""),"I have CS-2003 from 12:30 to 1:30 on Fridays.") -> I have CS-2003 from 12:30 to 1:30 on Fridays. | AX16: =IFERROR(__xludf.DUMMYFUNCTION("""COMPUTED_VALUE"""),"None.") -> None. | AY16: =IFERROR(__xludf.DUMMYFUNCTION("""COMPUTED_VALUE"""),"Funding, Teaching experience, Learn a new topic") -> Funding, Teaching experience, Learn a new topic | AZ16: =IFERROR(__xludf.DUMMYFUNCTION("""COMPUTED_VALUE"""),"I would like to be assigned Grading assignments, as for the last two weeks of the semester after Thanksgiving, I will likely be away in India to visit my grandmother for her 80th birthday. If possible, do not assign me to CS-1503.") -> I would like to be assigned Grading assignments, as for the last two weeks of the semester after Thanksgiving, I will likely be away in India to visit my grandmother for her 80th birthday. If possible, do not assign me to CS-1503.
A17: =IFERROR(__xludf.DUMMYFUNCTION("""COMPUTED_VALUE"""),46247.87746416667) -> 46247.877 | B17: =IFERROR(__xludf.DUMMYFUNCTION("""COMPUTED_VALUE"""),"P") -> P | C17: =IFERROR(__xludf.DUMMYFUNCTION("""COMPUTED_VALUE"""),"N") -> N | D17: =IFERROR(__xludf.DUMMYFUNCTION("""COMPUTED_VALUE"""),"p@pitt.edu") -> p@pitt.edu | E17: =IFERROR(__xludf.DUMMYFUNCTION("""COMPUTED_VALUE"""),"Third Choice Group") -> Third Choice Group | F17: =IFERROR(__xludf.DUMMYFUNCTION("""COMPUTED_VALUE"""),"Third Choice Group") -> Third Choice Group | G17: =IFERROR(__xludf.DUMMYFUNCTION("""COMPUTED_VALUE"""),"Third Choice Group") -> Third Choice Group | H17: =IFERROR(__xludf.DUMMYFUNCTION("""COMPUTED_VALUE"""),"Cannot TA Group (explain below)") -> Cannot TA Group (explain below) | I17: =IFERROR(__xludf.DUMMYFUNCTION("""COMPUTED_VALUE"""),"Cannot TA Group (explain below)") -> Cannot TA Group (explain below) | J17: =IFERROR(__xludf.DUMMYFUNCTION("""COMPUTED_VALUE"""),"Cannot TA Group (explain below)") -> Cannot TA Group (explain below) | K17: =IFERROR(__xludf.DUMMYFUNCTION("""COMPUTED_VALUE"""),"Cannot TA Group (explain below)") -> Cannot TA Group (explain below) | L17: =IFERROR(__xludf.DUMMYFUNCTION("""COMPUTED_VALUE"""),"Cannot TA Group (explain below)") -> Cannot TA Group (explain below) | M17: =IFERROR(__xludf.DUMMYFUNCTION("""COMPUTED_VALUE"""),"Cannot TA Group (explain below)") -> Cannot TA Group (explain below) | N17: =IFERROR(__xludf.DUMMYFUNCTION("""COMPUTED_VALUE"""),"Third Choice Group") -> Third Choice Group | O17: =IFERROR(__xludf.DUMMYFUNCTION("""COMPUTED_VALUE"""),"Second Choice") -> Second Choice | P17: =IFERROR(__xludf.DUMMYFUNCTION("""COMPUTED_VALUE"""),"Cannot TA Group (explain below)") -> Cannot TA Group (explain below) | Q17: =IFERROR(__xludf.DUMMYFUNCTION("""COMPUTED_VALUE"""),"Third Choice Group") -> Third Choice Group | R17: =IFERROR(__xludf.DUMMYFUNCTION("""COMPUTED_VALUE"""),"Cannot TA Group (explain below)") -> Cannot TA Group (explain below) | S17: =IFERROR(__xludf.DUMMYFUNCTION("""COMPUTED_VALUE"""),"Cannot TA Group (explain below)") -> Cannot TA Group (explain below) | T17: =IFERROR(__xludf.DUMMYFUNCTION("""COMPUTED_VALUE"""),"Third Choice Group") -> Third Choice Group | U17: =IFERROR(__xludf.DUMMYFUNCTION("""COMPUTED_VALUE"""),"Cannot TA Group (explain below)") -> Cannot TA Group (explain below) | V17: =IFERROR(__xludf.DUMMYFUNCTION("""COMPUTED_VALUE"""),"Second Choice") -> Second Choice | W17: =IFERROR(__xludf.DUMMYFUNCTION("""COMPUTED_VALUE"""),"First Choice Group") -> First Choice Group | X17: =IFERROR(__xludf.DUMMYFUNCTION("""COMPUTED_VALUE"""),"Cannot TA Group (explain below)") -> Cannot TA Group (explain below) | Y17: =IFERROR(__xludf.DUMMYFUNCTION("""COMPUTED_VALUE"""),"Cannot TA Group (explain below)") -> Cannot TA Group (explain below) | Z17: =IFERROR(__xludf.DUMMYFUNCTION("""COMPUTED_VALUE"""),"Third Choice Group") -> Third Choice Group | AA17: =IFERROR(__xludf.DUMMYFUNCTION("""COMPUTED_VALUE"""),"Cannot TA Group (explain below)") -> Cannot TA Group (explain below) | AB17: =IFERROR(__xludf.DUMMYFUNCTION("""COMPUTED_VALUE"""),"Cannot TA Group (explain below)") -> Cannot TA Group (explain below) | AC17: =IFERROR(__xludf.DUMMYFUNCTION("""COMPUTED_VALUE"""),"First Choice Group") -> First Choice Group | AD17: =IFERROR(__xludf.DUMMYFUNCTION("""COMPUTED_VALUE"""),"First Choice Group") -> First Choice Group | AE17: =IFERROR(__xludf.DUMMYFUNCTION("""COMPUTED_VALUE"""),"First Choice Group") -> First Choice Group | AF17: =IFERROR(__xludf.DUMMYFUNCTION("""COMPUTED_VALUE"""),"First Choice Group") -> First Choice Group | AG17: =IFERROR(__xludf.DUMMYFUNCTION("""COMPUTED_VALUE"""),"Third Choice Group") -> Third Choice Group | AH17: =IFERROR(__xludf.DUMMYFUNCTION("""COMPUTED_VALUE"""),"First Choice Group") -> First Choice Group | AI17: =IFERROR(__xludf.DUMMYFUNCTION("""COMPUTED_VALUE"""),"Third Choice Group") -> Third Choice Group | AJ17: =IFERROR(__xludf.DUMMYFUNCTION("""COMPUTED_VALUE"""),"Cannot TA Group (explain below)") -> Cannot TA Group (explain below) | AK17: =IFERROR(__xludf.DUMMYFUNCTION("""COMPUTED_VALUE"""),"Third Choice Group") -> Third Choice Group | AL17: =IFERROR(__xludf.DUMMYFUNCTION("""COMPUTED_VALUE"""),"First Choice Group") -> First Choice Group | AM17: =IFERROR(__xludf.DUMMYFUNCTION("""COMPUTED_VALUE"""),"Second Choice") -> Second Choice | AN17: =IFERROR(__xludf.DUMMYFUNCTION("""COMPUTED_VALUE"""),"Cannot TA Group (explain below)") -> Cannot TA Group (explain below) | AO17: =IFERROR(__xludf.DUMMYFUNCTION("""COMPUTED_VALUE"""),"Satisfactory") -> Satisfactory | AP17: =IFERROR(__xludf.DUMMYFUNCTION("""COMPUTED_VALUE"""),"Unsatisfactory") -> Unsatisfactory | AQ17: =IFERROR(__xludf.DUMMYFUNCTION("""COMPUTED_VALUE"""),"Unsatisfactory") -> Unsatisfactory | AR17: =IFERROR(__xludf.DUMMYFUNCTION("""COMPUTED_VALUE"""),"Satisfactory") -> Satisfactory | AS17: =IFERROR(__xludf.DUMMYFUNCTION("""COMPUTED_VALUE"""),"Strong") -> Strong | AT17: =IFERROR(__xludf.DUMMYFUNCTION("""COMPUTED_VALUE"""),"Excellent") -> Excellent | AU17: =IFERROR(__xludf.DUMMYFUNCTION("""COMPUTED_VALUE"""),"Unsatisfactory") -> Unsatisfactory | AV17: =IFERROR(__xludf.DUMMYFUNCTION("""COMPUTED_VALUE"""),"Unsatisfactory") -> Unsatisfactory | AW17: =IFERROR(__xludf.DUMMYFUNCTION("""COMPUTED_VALUE"""),"NA") -> NA | AX17: =IFERROR(__xludf.DUMMYFUNCTION("""COMPUTED_VALUE"""),"NA") -> NA | AY17: =IFERROR(__xludf.DUMMYFUNCTION("""COMPUTED_VALUE"""),"Funding") -> Funding | AZ17: =IFERROR(__xludf.DUMMYFUNCTION("""COMPUTED_VALUE"""),"I strongly prefer to be a grader this semester and I would like to request to be a grader. I don't think I have enough knowledge (zero to not enough to be helpful) for cases that I chose cannot TA for the course.") -> I strongly prefer to be a grader this semester and I would like to request to be a grader. I don't think I have enough knowledge (zero to not enough to be helpful) for cases that I chose cannot TA for the course.
A18: =IFERROR(__xludf.DUMMYFUNCTION("""COMPUTED_VALUE"""),46247.94180701389) -> 46247.942 | B18: =IFERROR(__xludf.DUMMYFUNCTION("""COMPUTED_VALUE"""),"Q") -> Q | C18: =IFERROR(__xludf.DUMMYFUNCTION("""COMPUTED_VALUE"""),"O") -> O | D18: =IFERROR(__xludf.DUMMYFUNCTION("""COMPUTED_VALUE"""),"q@pitt.edu") -> q@pitt.edu | E18: =IFERROR(__xludf.DUMMYFUNCTION("""COMPUTED_VALUE"""),"Second Choice") -> Second Choice | F18: =IFERROR(__xludf.DUMMYFUNCTION("""COMPUTED_VALUE"""),"Second Choice") -> Second Choice | G18: =IFERROR(__xludf.DUMMYFUNCTION("""COMPUTED_VALUE"""),"Second Choice") -> Second Choice | H18: =IFERROR(__xludf.DUMMYFUNCTION("""COMPUTED_VALUE"""),"Third Choice Group") -> Third Choice Group | I18: =IFERROR(__xludf.DUMMYFUNCTION("""COMPUTED_VALUE"""),"Second Choice") -> Second Choice | J18: =IFERROR(__xludf.DUMMYFUNCTION("""COMPUTED_VALUE"""),"Third Choice Group") -> Third Choice Group | K18: =IFERROR(__xludf.DUMMYFUNCTION("""COMPUTED_VALUE"""),"Third Choice Group") -> Third Choice Group | L18: =IFERROR(__xludf.DUMMYFUNCTION("""COMPUTED_VALUE"""),"Third Choice Group") -> Third Choice Group | M18: =IFERROR(__xludf.DUMMYFUNCTION("""COMPUTED_VALUE"""),"First Choice Group") -> First Choice Group | N18: =IFERROR(__xludf.DUMMYFUNCTION("""COMPUTED_VALUE"""),"Third Choice Group") -> Third Choice Group | O18: =IFERROR(__xludf.DUMMYFUNCTION("""COMPUTED_VALUE"""),"Third Choice Group") -> Third Choice Group | P18: =IFERROR(__xludf.DUMMYFUNCTION("""COMPUTED_VALUE"""),"Third Choice Group") -> Third Choice Group | Q18: =IFERROR(__xludf.DUMMYFUNCTION("""COMPUTED_VALUE"""),"Third Choice Group") -> Third Choice Group | R18: =IFERROR(__xludf.DUMMYFUNCTION("""COMPUTED_VALUE"""),"Second Choice") -> Second Choice | S18: =IFERROR(__xludf.DUMMYFUNCTION("""COMPUTED_VALUE"""),"Second Choice") -> Second Choice | T18: =IFERROR(__xludf.DUMMYFUNCTION("""COMPUTED_VALUE"""),"Third Choice Group") -> Third Choice Group | U18: =IFERROR(__xludf.DUMMYFUNCTION("""COMPUTED_VALUE"""),"Third Choice Group") -> Third Choice Group | V18: =IFERROR(__xludf.DUMMYFUNCTION("""COMPUTED_VALUE"""),"Second Choice") -> Second Choice | W18: =IFERROR(__xludf.DUMMYFUNCTION("""COMPUTED_VALUE"""),"Second Choice") -> Second Choice | X18: =IFERROR(__xludf.DUMMYFUNCTION("""COMPUTED_VALUE"""),"Third Choice Group") -> Third Choice Group | Y18: =IFERROR(__xludf.DUMMYFUNCTION("""COMPUTED_VALUE"""),"First Choice Group") -> First Choice Group | Z18: =IFERROR(__xludf.DUMMYFUNCTION("""COMPUTED_VALUE"""),"Third Choice Group") -> Third Choice Group | AA18: =IFERROR(__xludf.DUMMYFUNCTION("""COMPUTED_VALUE"""),"Third Choice Group") -> Third Choice Group | AB18: =IFERROR(__xludf.DUMMYFUNCTION("""COMPUTED_VALUE"""),"Third Choice Group") -> Third Choice Group | AC18: =IFERROR(__xludf.DUMMYFUNCTION("""COMPUTED_VALUE"""),"Third Choice Group") -> Third Choice Group | AD18: =IFERROR(__xludf.DUMMYFUNCTION("""COMPUTED_VALUE"""),"Third Choice Group") -> Third Choice Group | AE18: =IFERROR(__xludf.DUMMYFUNCTION("""COMPUTED_VALUE"""),"Third Choice Group") -> Third Choice Group | AF18: =IFERROR(__xludf.DUMMYFUNCTION("""COMPUTED_VALUE"""),"Third Choice Group") -> Third Choice Group | AG18: =IFERROR(__xludf.DUMMYFUNCTION("""COMPUTED_VALUE"""),"Third Choice Group") -> Third Choice Group | AH18: =IFERROR(__xludf.DUMMYFUNCTION("""COMPUTED_VALUE"""),"First Choice Group") -> First Choice Group | AI18: =IFERROR(__xludf.DUMMYFUNCTION("""COMPUTED_VALUE"""),"Third Choice Group") -> Third Choice Group | AJ18: =IFERROR(__xludf.DUMMYFUNCTION("""COMPUTED_VALUE"""),"Third Choice Group") -> Third Choice Group | AK18: =IFERROR(__xludf.DUMMYFUNCTION("""COMPUTED_VALUE"""),"Third Choice Group") -> Third Choice Group | AL18: =IFERROR(__xludf.DUMMYFUNCTION("""COMPUTED_VALUE"""),"Third Choice Group") -> Third Choice Group | AM18: =IFERROR(__xludf.DUMMYFUNCTION("""COMPUTED_VALUE"""),"Third Choice Group") -> Third Choice Group | AN18: =IFERROR(__xludf.DUMMYFUNCTION("""COMPUTED_VALUE"""),"Third Choice Group") -> Third Choice Group | AO18: =IFERROR(__xludf.DUMMYFUNCTION("""COMPUTED_VALUE"""),"Strong") -> Strong | AP18: =IFERROR(__xludf.DUMMYFUNCTION("""COMPUTED_VALUE"""),"Strong") -> Strong | AQ18: =IFERROR(__xludf.DUMMYFUNCTION("""COMPUTED_VALUE"""),"Unsatisfactory") -> Unsatisfactory | AR18: =IFERROR(__xludf.DUMMYFUNCTION("""COMPUTED_VALUE"""),"Unsatisfactory") -> Unsatisfactory | AS18: =IFERROR(__xludf.DUMMYFUNCTION("""COMPUTED_VALUE"""),"Satisfactory") -> Satisfactory | AT18: =IFERROR(__xludf.DUMMYFUNCTION("""COMPUTED_VALUE"""),"Satisfactory") -> Satisfactory | AU18: =IFERROR(__xludf.DUMMYFUNCTION("""COMPUTED_VALUE"""),"Unsatisfactory") -> Unsatisfactory | AV18: =IFERROR(__xludf.DUMMYFUNCTION("""COMPUTED_VALUE"""),"Unsatisfactory") -> Unsatisfactory | AW18: =IFERROR(__xludf.DUMMYFUNCTION("""COMPUTED_VALUE"""),"N/A") -> N/A | AX18: =IFERROR(__xludf.DUMMYFUNCTION("""COMPUTED_VALUE"""),"N/A") -> N/A | AY18: =IFERROR(__xludf.DUMMYFUNCTION("""COMPUTED_VALUE"""),"Funding") -> Funding | AZ18: =IFERROR(__xludf.DUMMYFUNCTION("""COMPUTED_VALUE"""),"N/A") -> N/A
A19: =IFERROR(__xludf.DUMMYFUNCTION("""COMPUTED_VALUE"""),46248.39507570602) -> 46248.395 | B19: =IFERROR(__xludf.DUMMYFUNCTION("""COMPUTED_VALUE"""),"R") -> R | C19: =IFERROR(__xludf.DUMMYFUNCTION("""COMPUTED_VALUE"""),"P") -> P | D19: =IFERROR(__xludf.DUMMYFUNCTION("""COMPUTED_VALUE"""),"r@pitt.edu") -> r@pitt.edu | E19: =IFERROR(__xludf.DUMMYFUNCTION("""COMPUTED_VALUE"""),"First Choice Group") -> First Choice Group | F19: =IFERROR(__xludf.DUMMYFUNCTION("""COMPUTED_VALUE"""),"Second Choice") -> Second Choice | G19: =IFERROR(__xludf.DUMMYFUNCTION("""COMPUTED_VALUE"""),"Second Choice") -> Second Choice | H19: =IFERROR(__xludf.DUMMYFUNCTION("""COMPUTED_VALUE"""),"First Choice Group") -> First Choice Group | I19: =IFERROR(__xludf.DUMMYFUNCTION("""COMPUTED_VALUE"""),"Second Choice") -> Second Choice | J19: =IFERROR(__xludf.DUMMYFUNCTION("""COMPUTED_VALUE"""),"Third Choice Group") -> Third Choice Group | K19: =IFERROR(__xludf.DUMMYFUNCTION("""COMPUTED_VALUE"""),"Second Choice") -> Second Choice | L19: =IFERROR(__xludf.DUMMYFUNCTION("""COMPUTED_VALUE"""),"Second Choice") -> Second Choice | M19: =IFERROR(__xludf.DUMMYFUNCTION("""COMPUTED_VALUE"""),"Third Choice Group") -> Third Choice Group | N19: =IFERROR(__xludf.DUMMYFUNCTION("""COMPUTED_VALUE"""),"Second Choice") -> Second Choice | O19: =IFERROR(__xludf.DUMMYFUNCTION("""COMPUTED_VALUE"""),"First Choice Group") -> First Choice Group | P19: =IFERROR(__xludf.DUMMYFUNCTION("""COMPUTED_VALUE"""),"Third Choice Group") -> Third Choice Group | Q19: =IFERROR(__xludf.DUMMYFUNCTION("""COMPUTED_VALUE"""),"Second Choice") -> Second Choice | R19: =IFERROR(__xludf.DUMMYFUNCTION("""COMPUTED_VALUE"""),"Second Choice") -> Second Choice | S19: =IFERROR(__xludf.DUMMYFUNCTION("""COMPUTED_VALUE"""),"Third Choice Group") -> Third Choice Group | T19: =IFERROR(__xludf.DUMMYFUNCTION("""COMPUTED_VALUE"""),"First Choice Group") -> First Choice Group | U19: =IFERROR(__xludf.DUMMYFUNCTION("""COMPUTED_VALUE"""),"First Choice Group") -> First Choice Group | V19: =IFERROR(__xludf.DUMMYFUNCTION("""COMPUTED_VALUE"""),"First Choice Group") -> First Choice Group | W19: =IFERROR(__xludf.DUMMYFUNCTION("""COMPUTED_VALUE"""),"Second Choice") -> Second Choice | X19: =IFERROR(__xludf.DUMMYFUNCTION("""COMPUTED_VALUE"""),"Third Choice Group") -> Third Choice Group | Y19: =IFERROR(__xludf.DUMMYFUNCTION("""COMPUTED_VALUE"""),"Second Choice") -> Second Choice | Z19: =IFERROR(__xludf.DUMMYFUNCTION("""COMPUTED_VALUE"""),"First Choice Group") -> First Choice Group | AA19: =IFERROR(__xludf.DUMMYFUNCTION("""COMPUTED_VALUE"""),"First Choice Group") -> First Choice Group | AB19: =IFERROR(__xludf.DUMMYFUNCTION("""COMPUTED_VALUE"""),"Second Choice") -> Second Choice | AC19: =IFERROR(__xludf.DUMMYFUNCTION("""COMPUTED_VALUE"""),"Second Choice") -> Second Choice | AD19: =IFERROR(__xludf.DUMMYFUNCTION("""COMPUTED_VALUE"""),"First Choice Group") -> First Choice Group | AE19: =IFERROR(__xludf.DUMMYFUNCTION("""COMPUTED_VALUE"""),"First Choice Group") -> First Choice Group | AF19: =IFERROR(__xludf.DUMMYFUNCTION("""COMPUTED_VALUE"""),"Second Choice") -> Second Choice | AG19: =IFERROR(__xludf.DUMMYFUNCTION("""COMPUTED_VALUE"""),"First Choice Group") -> First Choice Group | AH19: =IFERROR(__xludf.DUMMYFUNCTION("""COMPUTED_VALUE"""),"Second Choice") -> Second Choice | AI19: =IFERROR(__xludf.DUMMYFUNCTION("""COMPUTED_VALUE"""),"Cannot TA Group (explain below)") -> Cannot TA Group (explain below) | AJ19: =IFERROR(__xludf.DUMMYFUNCTION("""COMPUTED_VALUE"""),"Third Choice Group") -> Third Choice Group | AK19: =IFERROR(__xludf.DUMMYFUNCTION("""COMPUTED_VALUE"""),"Second Choice") -> Second Choice | AL19: =IFERROR(__xludf.DUMMYFUNCTION("""COMPUTED_VALUE"""),"First Choice Group") -> First Choice Group | AM19: =IFERROR(__xludf.DUMMYFUNCTION("""COMPUTED_VALUE"""),"First Choice Group") -> First Choice Group | AN19: =IFERROR(__xludf.DUMMYFUNCTION("""COMPUTED_VALUE"""),"Third Choice Group") -> Third Choice Group | AO19: =IFERROR(__xludf.DUMMYFUNCTION("""COMPUTED_VALUE"""),"Excellent") -> Excellent | AP19: =IFERROR(__xludf.DUMMYFUNCTION("""COMPUTED_VALUE"""),"Strong") -> Strong | AQ19: =IFERROR(__xludf.DUMMYFUNCTION("""COMPUTED_VALUE"""),"Satisfactory") -> Satisfactory | AR19: =IFERROR(__xludf.DUMMYFUNCTION("""COMPUTED_VALUE"""),"Strong") -> Strong | AS19: =IFERROR(__xludf.DUMMYFUNCTION("""COMPUTED_VALUE"""),"Strong") -> Strong | AT19: =IFERROR(__xludf.DUMMYFUNCTION("""COMPUTED_VALUE"""),"Excellent") -> Excellent | AU19: =IFERROR(__xludf.DUMMYFUNCTION("""COMPUTED_VALUE"""),"Satisfactory") -> Satisfactory | AV19: =IFERROR(__xludf.DUMMYFUNCTION("""COMPUTED_VALUE"""),"Excellent") -> Excellent | AW19: =IFERROR(__xludf.DUMMYFUNCTION("""COMPUTED_VALUE"""),"Monday Wednesday 1pm to 2:15pm") -> Monday Wednesday 1pm to 2:15pm | AX19: =IFERROR(__xludf.DUMMYFUNCTION("""COMPUTED_VALUE"""),"COMPILER DESIGN | CS 2210") -> COMPILER DESIGN | CS 2210 | AY19: =IFERROR(__xludf.DUMMYFUNCTION("""COMPUTED_VALUE"""),"Funding, Teaching experience, Improve public speaking or other skills") -> Funding, Teaching experience, Improve public speaking or other skills | AZ19: =IFERROR(__xludf.DUMMYFUNCTION("""COMPUTED_VALUE"""),"Have to avoid COMPILER DESIGN | CS 2210 because I will be taking it.") -> Have to avoid COMPILER DESIGN | CS 2210 because I will be taking it.
A20: =IFERROR(__xludf.DUMMYFUNCTION("""COMPUTED_VALUE"""),46248.57848969907) -> 46248.578 | B20: =IFERROR(__xludf.DUMMYFUNCTION("""COMPUTED_VALUE"""),"S") -> S | C20: =IFERROR(__xludf.DUMMYFUNCTION("""COMPUTED_VALUE"""),"Q") -> Q | D20: =IFERROR(__xludf.DUMMYFUNCTION("""COMPUTED_VALUE"""),"s@pitt.edu") -> s@pitt.edu | E20: =IFERROR(__xludf.DUMMYFUNCTION("""COMPUTED_VALUE"""),"First Choice Group") -> First Choice Group | F20: =IFERROR(__xludf.DUMMYFUNCTION("""COMPUTED_VALUE"""),"First Choice Group") -> First Choice Group | G20: =IFERROR(__xludf.DUMMYFUNCTION("""COMPUTED_VALUE"""),"First Choice Group") -> First Choice Group | H20: =IFERROR(__xludf.DUMMYFUNCTION("""COMPUTED_VALUE"""),"Cannot TA Group (explain below)") -> Cannot TA Group (explain below) | I20: =IFERROR(__xludf.DUMMYFUNCTION("""COMPUTED_VALUE"""),"Cannot TA Group (explain below)") -> Cannot TA Group (explain below) | J20: =IFERROR(__xludf.DUMMYFUNCTION("""COMPUTED_VALUE"""),"Third Choice Group") -> Third Choice Group | K20: =IFERROR(__xludf.DUMMYFUNCTION("""COMPUTED_VALUE"""),"Cannot TA Group (explain below)") -> Cannot TA Group (explain below) | L20: =IFERROR(__xludf.DUMMYFUNCTION("""COMPUTED_VALUE"""),"Second Choice") -> Second Choice | M20: =IFERROR(__xludf.DUMMYFUNCTION("""COMPUTED_VALUE"""),"Cannot TA Group (explain below)") -> Cannot TA Group (explain below) | N20: =IFERROR(__xludf.DUMMYFUNCTION("""COMPUTED_VALUE"""),"Cannot TA Group (explain below)") -> Cannot TA Group (explain below) | O20: =IFERROR(__xludf.DUMMYFUNCTION("""COMPUTED_VALUE"""),"Third Choice Group") -> Third Choice Group | P20: =IFERROR(__xludf.DUMMYFUNCTION("""COMPUTED_VALUE"""),"Cannot TA Group (explain below)") -> Cannot TA Group (explain below) | Q20: =IFERROR(__xludf.DUMMYFUNCTION("""COMPUTED_VALUE"""),"First Choice Group") -> First Choice Group | R20: =IFERROR(__xludf.DUMMYFUNCTION("""COMPUTED_VALUE"""),"Cannot TA Group (explain below)") -> Cannot TA Group (explain below) | S20: =IFERROR(__xludf.DUMMYFUNCTION("""COMPUTED_VALUE"""),"Cannot TA Group (explain below)") -> Cannot TA Group (explain below) | T20: =IFERROR(__xludf.DUMMYFUNCTION("""COMPUTED_VALUE"""),"Third Choice Group") -> Third Choice Group | U20: =IFERROR(__xludf.DUMMYFUNCTION("""COMPUTED_VALUE"""),"Third Choice Group") -> Third Choice Group | V20: =IFERROR(__xludf.DUMMYFUNCTION("""COMPUTED_VALUE"""),"First Choice Group") -> First Choice Group | W20: =IFERROR(__xludf.DUMMYFUNCTION("""COMPUTED_VALUE"""),"Third Choice Group") -> Third Choice Group | X20: =IFERROR(__xludf.DUMMYFUNCTION("""COMPUTED_VALUE"""),"Cannot TA Group (explain below)") -> Cannot TA Group (explain below) | Y20: =IFERROR(__xludf.DUMMYFUNCTION("""COMPUTED_VALUE"""),"Cannot TA Group (explain below)") -> Cannot TA Group (explain below) | Z20: =IFERROR(__xludf.DUMMYFUNCTION("""COMPUTED_VALUE"""),"First Choice Group") -> First Choice Group | AA20: =IFERROR(__xludf.DUMMYFUNCTION("""COMPUTED_VALUE"""),"First Choice Group") -> First Choice Group | AB20: =IFERROR(__xludf.DUMMYFUNCTION("""COMPUTED_VALUE"""),"Cannot TA Group (explain below)") -> Cannot TA Group (explain below) | AC20: =IFERROR(__xludf.DUMMYFUNCTION("""COMPUTED_VALUE"""),"First Choice Group") -> First Choice Group | AD20: =IFERROR(__xludf.DUMMYFUNCTION("""COMPUTED_VALUE"""),"Cannot TA Group (explain below)") -> Cannot TA Group (explain below) | AE20: =IFERROR(__xludf.DUMMYFUNCTION("""COMPUTED_VALUE"""),"Second Choice") -> Second Choice | AF20: =IFERROR(__xludf.DUMMYFUNCTION("""COMPUTED_VALUE"""),"Third Choice Group") -> Third Choice Group | AG20: =IFERROR(__xludf.DUMMYFUNCTION("""COMPUTED_VALUE"""),"Cannot TA Group (explain below)") -> Cannot TA Group (explain below) | AH20: =IFERROR(__xludf.DUMMYFUNCTION("""COMPUTED_VALUE"""),"Cannot TA Group (explain below)") -> Cannot TA Group (explain below) | AI20: =IFERROR(__xludf.DUMMYFUNCTION("""COMPUTED_VALUE"""),"Second Choice") -> Second Choice | AJ20: =IFERROR(__xludf.DUMMYFUNCTION("""COMPUTED_VALUE"""),"Third Choice Group") -> Third Choice Group | AK20: =IFERROR(__xludf.DUMMYFUNCTION("""COMPUTED_VALUE"""),"Second Choice") -> Second Choice | AL20: =IFERROR(__xludf.DUMMYFUNCTION("""COMPUTED_VALUE"""),"First Choice Group") -> First Choice Group | AM20: =IFERROR(__xludf.DUMMYFUNCTION("""COMPUTED_VALUE"""),"Third Choice Group") -> Third Choice Group | AN20: =IFERROR(__xludf.DUMMYFUNCTION("""COMPUTED_VALUE"""),"Cannot TA Group (explain below)") -> Cannot TA Group (explain below) | AO20: =IFERROR(__xludf.DUMMYFUNCTION("""COMPUTED_VALUE"""),"Excellent") -> Excellent | AP20: =IFERROR(__xludf.DUMMYFUNCTION("""COMPUTED_VALUE"""),"Satisfactory") -> Satisfactory | AQ20: =IFERROR(__xludf.DUMMYFUNCTION("""COMPUTED_VALUE"""),"Satisfactory") -> Satisfactory | AR20: =IFERROR(__xludf.DUMMYFUNCTION("""COMPUTED_VALUE"""),"Satisfactory") -> Satisfactory | AS20: =IFERROR(__xludf.DUMMYFUNCTION("""COMPUTED_VALUE"""),"Satisfactory") -> Satisfactory | AT20: =IFERROR(__xludf.DUMMYFUNCTION("""COMPUTED_VALUE"""),"Strong") -> Strong | AU20: =IFERROR(__xludf.DUMMYFUNCTION("""COMPUTED_VALUE"""),"Strong") -> Strong | AV20: =IFERROR(__xludf.DUMMYFUNCTION("""COMPUTED_VALUE"""),"Unsatisfactory") -> Unsatisfactory | AW20: =IFERROR(__xludf.DUMMYFUNCTION("""COMPUTED_VALUE"""),"I only have meetings scheduled at these times: Monday: 3:30–4:30 PM Wednesday: 12:30–1:30 PM Thursday: 4:30–5:30 PM Friday: Colloquium, 12:30–1:00 PM") -> I only have meetings scheduled at these times: Monday: 3:30–4:30 PM Wednesday: 12:30–1:30 PM Thursday: 4:30–5:30 PM Friday: Colloquium, 12:30–1:00 PM | AX20: =IFERROR(__xludf.DUMMYFUNCTION("""COMPUTED_VALUE"""),"NA") -> NA | AY20: =IFERROR(__xludf.DUMMYFUNCTION("""COMPUTED_VALUE"""),"Funding, Teaching experience, Improve public speaking or other skills") -> Funding, Teaching experience, Improve public speaking or other skills | AZ20: =IFERROR(__xludf.DUMMYFUNCTION("""COMPUTED_VALUE"""),"I enjoy working on courses related to NLP (CS 1671/2071, CS 2731), Data Science (CS 1656/2056), and Machine Learning (CS 1675/2075). I have taken these courses before and have also served as a TA for some of them, so I would like to teach them again. I a"&"m also interested in courses Programming Languages for Web Applications (CS 1520) and compiler (cs 2210). I have taken these courses before and have also served as a TA for some of them, and I really enjoyed teaching them.") -> I enjoy working on courses related to NLP (CS 1671/2071, CS 2731), Data Science (CS 1656/2056), and Machine Learning (CS 1675/2075). I have taken these courses before and have also served as a TA for some of them, so I would like to teach them again. I am also interested in courses Programming Languages for Web Applications (CS 1520) and compiler (cs 2210). I have taken these courses before and have also served as a TA for some of them, and I really enjoyed teaching them.
A21: =IFERROR(__xludf.DUMMYFUNCTION("""COMPUTED_VALUE"""),46250.80434508102) -> 46250.804 | B21: =IFERROR(__xludf.DUMMYFUNCTION("""COMPUTED_VALUE"""),"T") -> T | C21: =IFERROR(__xludf.DUMMYFUNCTION("""COMPUTED_VALUE"""),"R") -> R | D21: =IFERROR(__xludf.DUMMYFUNCTION("""COMPUTED_VALUE"""),"t@pitt.edu") -> t@pitt.edu | E21: =IFERROR(__xludf.DUMMYFUNCTION("""COMPUTED_VALUE"""),"Third Choice Group") -> Third Choice Group | F21: =IFERROR(__xludf.DUMMYFUNCTION("""COMPUTED_VALUE"""),"Second Choice") -> Second Choice | G21: =IFERROR(__xludf.DUMMYFUNCTION("""COMPUTED_VALUE"""),"Third Choice Group") -> Third Choice Group | H21: =IFERROR(__xludf.DUMMYFUNCTION("""COMPUTED_VALUE"""),"Second Choice") -> Second Choice | I21: =IFERROR(__xludf.DUMMYFUNCTION("""COMPUTED_VALUE"""),"Third Choice Group") -> Third Choice Group | J21: =IFERROR(__xludf.DUMMYFUNCTION("""COMPUTED_VALUE"""),"Third Choice Group") -> Third Choice Group | K21: =IFERROR(__xludf.DUMMYFUNCTION("""COMPUTED_VALUE"""),"Third Choice Group") -> Third Choice Group | L21: =IFERROR(__xludf.DUMMYFUNCTION("""COMPUTED_VALUE"""),"Third Choice Group") -> Third Choice Group | M21: =IFERROR(__xludf.DUMMYFUNCTION("""COMPUTED_VALUE"""),"Second Choice") -> Second Choice | N21: =IFERROR(__xludf.DUMMYFUNCTION("""COMPUTED_VALUE"""),"Second Choice") -> Second Choice | O21: =IFERROR(__xludf.DUMMYFUNCTION("""COMPUTED_VALUE"""),"Second Choice") -> Second Choice | P21: =IFERROR(__xludf.DUMMYFUNCTION("""COMPUTED_VALUE"""),"First Choice Group") -> First Choice Group | Q21: =IFERROR(__xludf.DUMMYFUNCTION("""COMPUTED_VALUE"""),"Third Choice Group") -> Third Choice Group | R21: =IFERROR(__xludf.DUMMYFUNCTION("""COMPUTED_VALUE"""),"Third Choice Group") -> Third Choice Group | S21: =IFERROR(__xludf.DUMMYFUNCTION("""COMPUTED_VALUE"""),"Third Choice Group") -> Third Choice Group | T21: =IFERROR(__xludf.DUMMYFUNCTION("""COMPUTED_VALUE"""),"Second Choice") -> Second Choice | U21: =IFERROR(__xludf.DUMMYFUNCTION("""COMPUTED_VALUE"""),"Second Choice") -> Second Choice | V21: =IFERROR(__xludf.DUMMYFUNCTION("""COMPUTED_VALUE"""),"Second Choice") -> Second Choice | W21: =IFERROR(__xludf.DUMMYFUNCTION("""COMPUTED_VALUE"""),"Third Choice Group") -> Third Choice Group | X21: =IFERROR(__xludf.DUMMYFUNCTION("""COMPUTED_VALUE"""),"First Choice Group") -> First Choice Group | Y21: =IFERROR(__xludf.DUMMYFUNCTION("""COMPUTED_VALUE"""),"First Choice Group") -> First Choice Group | Z21: =IFERROR(__xludf.DUMMYFUNCTION("""COMPUTED_VALUE"""),"First Choice Group") -> First Choice Group | AA21: =IFERROR(__xludf.DUMMYFUNCTION("""COMPUTED_VALUE"""),"Second Choice") -> Second Choice | AB21: =IFERROR(__xludf.DUMMYFUNCTION("""COMPUTED_VALUE"""),"Second Choice") -> Second Choice | AC21: =IFERROR(__xludf.DUMMYFUNCTION("""COMPUTED_VALUE"""),"First Choice Group") -> First Choice Group | AD21: =IFERROR(__xludf.DUMMYFUNCTION("""COMPUTED_VALUE"""),"First Choice Group") -> First Choice Group | AE21: =IFERROR(__xludf.DUMMYFUNCTION("""COMPUTED_VALUE"""),"First Choice Group") -> First Choice Group | AF21: =IFERROR(__xludf.DUMMYFUNCTION("""COMPUTED_VALUE"""),"First Choice Group") -> First Choice Group | AG21: =IFERROR(__xludf.DUMMYFUNCTION("""COMPUTED_VALUE"""),"First Choice Group") -> First Choice Group | AH21: =IFERROR(__xludf.DUMMYFUNCTION("""COMPUTED_VALUE"""),"First Choice Group") -> First Choice Group | AI21: =IFERROR(__xludf.DUMMYFUNCTION("""COMPUTED_VALUE"""),"Third Choice Group") -> Third Choice Group | AJ21: =IFERROR(__xludf.DUMMYFUNCTION("""COMPUTED_VALUE"""),"Second Choice") -> Second Choice | AK21: =IFERROR(__xludf.DUMMYFUNCTION("""COMPUTED_VALUE"""),"First Choice Group") -> First Choice Group | AL21: =IFERROR(__xludf.DUMMYFUNCTION("""COMPUTED_VALUE"""),"First Choice Group") -> First Choice Group | AM21: =IFERROR(__xludf.DUMMYFUNCTION("""COMPUTED_VALUE"""),"First Choice Group") -> First Choice Group | AN21: =IFERROR(__xludf.DUMMYFUNCTION("""COMPUTED_VALUE"""),"Second Choice") -> Second Choice | AO21: =IFERROR(__xludf.DUMMYFUNCTION("""COMPUTED_VALUE"""),"Strong") -> Strong | AP21: =IFERROR(__xludf.DUMMYFUNCTION("""COMPUTED_VALUE"""),"Satisfactory") -> Satisfactory | AQ21: =IFERROR(__xludf.DUMMYFUNCTION("""COMPUTED_VALUE"""),"Satisfactory") -> Satisfactory | AR21: =IFERROR(__xludf.DUMMYFUNCTION("""COMPUTED_VALUE"""),"Strong") -> Strong | AS21: =IFERROR(__xludf.DUMMYFUNCTION("""COMPUTED_VALUE"""),"Strong") -> Strong | AT21: =IFERROR(__xludf.DUMMYFUNCTION("""COMPUTED_VALUE"""),"Strong") -> Strong | AU21: =IFERROR(__xludf.DUMMYFUNCTION("""COMPUTED_VALUE"""),"Satisfactory") -> Satisfactory | AV21: =IFERROR(__xludf.DUMMYFUNCTION("""COMPUTED_VALUE"""),"Strong") -> Strong | AW21: =IFERROR(__xludf.DUMMYFUNCTION("""COMPUTED_VALUE"""),"TBD") -> TBD | AX21: =IFERROR(__xludf.DUMMYFUNCTION("""COMPUTED_VALUE"""),"TBD") -> TBD | AY21: =IFERROR(__xludf.DUMMYFUNCTION("""COMPUTED_VALUE"""),"Funding, Teaching experience, Improve public speaking or other skills, Learn a new topic") -> Funding, Teaching experience, Improve public speaking or other skills, Learn a new topic | AZ21: =IFERROR(__xludf.DUMMYFUNCTION("""COMPUTED_VALUE"""),"NA") -> NA
A22: =IFERROR(__xludf.DUMMYFUNCTION("""COMPUTED_VALUE"""),46251.43337564815) -> 46251.433 | B22: =IFERROR(__xludf.DUMMYFUNCTION("""COMPUTED_VALUE"""),"U") -> U | C22: =IFERROR(__xludf.DUMMYFUNCTION("""COMPUTED_VALUE"""),"S") -> S | D22: =IFERROR(__xludf.DUMMYFUNCTION("""COMPUTED_VALUE"""),"u@pitt.edu") -> u@pitt.edu | E22: =IFERROR(__xludf.DUMMYFUNCTION("""COMPUTED_VALUE"""),"First Choice Group") -> First Choice Group | F22: =IFERROR(__xludf.DUMMYFUNCTION("""COMPUTED_VALUE"""),"Second Choice") -> Second Choice | G22: =IFERROR(__xludf.DUMMYFUNCTION("""COMPUTED_VALUE"""),"First Choice Group") -> First Choice Group | H22: =IFERROR(__xludf.DUMMYFUNCTION("""COMPUTED_VALUE"""),"Second Choice") -> Second Choice | I22: =IFERROR(__xludf.DUMMYFUNCTION("""COMPUTED_VALUE"""),"Second Choice") -> Second Choice | J22: =IFERROR(__xludf.DUMMYFUNCTION("""COMPUTED_VALUE"""),"Second Choice") -> Second Choice | K22: =IFERROR(__xludf.DUMMYFUNCTION("""COMPUTED_VALUE"""),"Second Choice") -> Second Choice | L22: =IFERROR(__xludf.DUMMYFUNCTION("""COMPUTED_VALUE"""),"Third Choice Group") -> Third Choice Group | M22: =IFERROR(__xludf.DUMMYFUNCTION("""COMPUTED_VALUE"""),"Second Choice") -> Second Choice | N22: =IFERROR(__xludf.DUMMYFUNCTION("""COMPUTED_VALUE"""),"Second Choice") -> Second Choice | O22: =IFERROR(__xludf.DUMMYFUNCTION("""COMPUTED_VALUE"""),"Third Choice Group") -> Third Choice Group | P22: =IFERROR(__xludf.DUMMYFUNCTION("""COMPUTED_VALUE"""),"Second Choice") -> Second Choice | Q22: =IFERROR(__xludf.DUMMYFUNCTION("""COMPUTED_VALUE"""),"Third Choice Group") -> Third Choice Group | R22: =IFERROR(__xludf.DUMMYFUNCTION("""COMPUTED_VALUE"""),"Third Choice Group") -> Third Choice Group | S22: =IFERROR(__xludf.DUMMYFUNCTION("""COMPUTED_VALUE"""),"Second Choice") -> Second Choice | T22: =IFERROR(__xludf.DUMMYFUNCTION("""COMPUTED_VALUE"""),"Second Choice") -> Second Choice | U22: =IFERROR(__xludf.DUMMYFUNCTION("""COMPUTED_VALUE"""),"Third Choice Group") -> Third Choice Group | V22: =IFERROR(__xludf.DUMMYFUNCTION("""COMPUTED_VALUE"""),"Third Choice Group") -> Third Choice Group | W22: =IFERROR(__xludf.DUMMYFUNCTION("""COMPUTED_VALUE"""),"Third Choice Group") -> Third Choice Group | X22: =IFERROR(__xludf.DUMMYFUNCTION("""COMPUTED_VALUE"""),"Third Choice Group") -> Third Choice Group | Y22: =IFERROR(__xludf.DUMMYFUNCTION("""COMPUTED_VALUE"""),"Third Choice Group") -> Third Choice Group | Z22: =IFERROR(__xludf.DUMMYFUNCTION("""COMPUTED_VALUE"""),"Second Choice") -> Second Choice | AA22: =IFERROR(__xludf.DUMMYFUNCTION("""COMPUTED_VALUE"""),"Third Choice Group") -> Third Choice Group | AB22: =IFERROR(__xludf.DUMMYFUNCTION("""COMPUTED_VALUE"""),"Third Choice Group") -> Third Choice Group | AC22: =IFERROR(__xludf.DUMMYFUNCTION("""COMPUTED_VALUE"""),"Third Choice Group") -> Third Choice Group | AD22: =IFERROR(__xludf.DUMMYFUNCTION("""COMPUTED_VALUE"""),"Third Choice Group") -> Third Choice Group | AE22: =IFERROR(__xludf.DUMMYFUNCTION("""COMPUTED_VALUE"""),"Second Choice") -> Second Choice | AF22: =IFERROR(__xludf.DUMMYFUNCTION("""COMPUTED_VALUE"""),"Third Choice Group") -> Third Choice Group | AG22: =IFERROR(__xludf.DUMMYFUNCTION("""COMPUTED_VALUE"""),"Third Choice Group") -> Third Choice Group | AH22: =IFERROR(__xludf.DUMMYFUNCTION("""COMPUTED_VALUE"""),"Third Choice Group") -> Third Choice Group | AI22: =IFERROR(__xludf.DUMMYFUNCTION("""COMPUTED_VALUE"""),"Third Choice Group") -> Third Choice Group | AJ22: =IFERROR(__xludf.DUMMYFUNCTION("""COMPUTED_VALUE"""),"Third Choice Group") -> Third Choice Group | AK22: =IFERROR(__xludf.DUMMYFUNCTION("""COMPUTED_VALUE"""),"Third Choice Group") -> Third Choice Group | AL22: =IFERROR(__xludf.DUMMYFUNCTION("""COMPUTED_VALUE"""),"Third Choice Group") -> Third Choice Group | AM22: =IFERROR(__xludf.DUMMYFUNCTION("""COMPUTED_VALUE"""),"Third Choice Group") -> Third Choice Group | AN22: =IFERROR(__xludf.DUMMYFUNCTION("""COMPUTED_VALUE"""),"Third Choice Group") -> Third Choice Group | AO22: =IFERROR(__xludf.DUMMYFUNCTION("""COMPUTED_VALUE"""),"Excellent") -> Excellent | AP22: =IFERROR(__xludf.DUMMYFUNCTION("""COMPUTED_VALUE"""),"Strong") -> Strong | AQ22: =IFERROR(__xludf.DUMMYFUNCTION("""COMPUTED_VALUE"""),"Strong") -> Strong | AR22: =IFERROR(__xludf.DUMMYFUNCTION("""COMPUTED_VALUE"""),"Satisfactory") -> Satisfactory | AS22: =IFERROR(__xludf.DUMMYFUNCTION("""COMPUTED_VALUE"""),"Strong") -> Strong | AT22: =IFERROR(__xludf.DUMMYFUNCTION("""COMPUTED_VALUE"""),"Satisfactory") -> Satisfactory | AU22: =IFERROR(__xludf.DUMMYFUNCTION("""COMPUTED_VALUE"""),"Excellent") -> Excellent | AV22: =IFERROR(__xludf.DUMMYFUNCTION("""COMPUTED_VALUE"""),"Strong") -> Strong | AW22: =IFERROR(__xludf.DUMMYFUNCTION("""COMPUTED_VALUE"""),"N/A") -> N/A | AX22: =IFERROR(__xludf.DUMMYFUNCTION("""COMPUTED_VALUE"""),"N/A") -> N/A | AY22: =IFERROR(__xludf.DUMMYFUNCTION("""COMPUTED_VALUE"""),"Funding, Teaching experience") -> Funding, Teaching experience | AZ22: =IFERROR(__xludf.DUMMYFUNCTION("""COMPUTED_VALUE"""),"I did not take any quantum computing classes before, try to avoid being a TA for this course") -> I did not take any quantum computing classes before, try to avoid being a TA for this course
A23: =IFERROR(__xludf.DUMMYFUNCTION("""COMPUTED_VALUE"""),46253.64262190972) -> 46253.643 | B23: =IFERROR(__xludf.DUMMYFUNCTION("""COMPUTED_VALUE"""),"V") -> V | C23: =IFERROR(__xludf.DUMMYFUNCTION("""COMPUTED_VALUE"""),"T") -> T | D23: =IFERROR(__xludf.DUMMYFUNCTION("""COMPUTED_VALUE"""),"v@pitt.edu") -> v@pitt.edu | E23: =IFERROR(__xludf.DUMMYFUNCTION("""COMPUTED_VALUE"""),"Third Choice Group") -> Third Choice Group | F23: =IFERROR(__xludf.DUMMYFUNCTION("""COMPUTED_VALUE"""),"Third Choice Group") -> Third Choice Group | G23: =IFERROR(__xludf.DUMMYFUNCTION("""COMPUTED_VALUE"""),"Third Choice Group") -> Third Choice Group | H23: =IFERROR(__xludf.DUMMYFUNCTION("""COMPUTED_VALUE"""),"First Choice Group") -> First Choice Group | I23: =IFERROR(__xludf.DUMMYFUNCTION("""COMPUTED_VALUE"""),"Third Choice Group") -> Third Choice Group | J23: =IFERROR(__xludf.DUMMYFUNCTION("""COMPUTED_VALUE"""),"Third Choice Group") -> Third Choice Group | K23: =IFERROR(__xludf.DUMMYFUNCTION("""COMPUTED_VALUE"""),"Third Choice Group") -> Third Choice Group | L23: =IFERROR(__xludf.DUMMYFUNCTION("""COMPUTED_VALUE"""),"Third Choice Group") -> Third Choice Group | M23: =IFERROR(__xludf.DUMMYFUNCTION("""COMPUTED_VALUE"""),"Third Choice Group") -> Third Choice Group | N23: =IFERROR(__xludf.DUMMYFUNCTION("""COMPUTED_VALUE"""),"First Choice Group") -> First Choice Group | O23: =IFERROR(__xludf.DUMMYFUNCTION("""COMPUTED_VALUE"""),"First Choice Group") -> First Choice Group | P23: =IFERROR(__xludf.DUMMYFUNCTION("""COMPUTED_VALUE"""),"First Choice Group") -> First Choice Group | Q23: =IFERROR(__xludf.DUMMYFUNCTION("""COMPUTED_VALUE"""),"Third Choice Group") -> Third Choice Group | R23: =IFERROR(__xludf.DUMMYFUNCTION("""COMPUTED_VALUE"""),"Third Choice Group") -> Third Choice Group | S23: =IFERROR(__xludf.DUMMYFUNCTION("""COMPUTED_VALUE"""),"Third Choice Group") -> Third Choice Group | T23: =IFERROR(__xludf.DUMMYFUNCTION("""COMPUTED_VALUE"""),"Third Choice Group") -> Third Choice Group | U23: =IFERROR(__xludf.DUMMYFUNCTION("""COMPUTED_VALUE"""),"Third Choice Group") -> Third Choice Group | V23: =IFERROR(__xludf.DUMMYFUNCTION("""COMPUTED_VALUE"""),"Second Choice") -> Second Choice | W23: =IFERROR(__xludf.DUMMYFUNCTION("""COMPUTED_VALUE"""),"Third Choice Group") -> Third Choice Group | X23: =IFERROR(__xludf.DUMMYFUNCTION("""COMPUTED_VALUE"""),"Third Choice Group") -> Third Choice Group | Y23: =IFERROR(__xludf.DUMMYFUNCTION("""COMPUTED_VALUE"""),"Third Choice Group") -> Third Choice Group | Z23: =IFERROR(__xludf.DUMMYFUNCTION("""COMPUTED_VALUE"""),"Third Choice Group") -> Third Choice Group | AA23: =IFERROR(__xludf.DUMMYFUNCTION("""COMPUTED_VALUE"""),"Third Choice Group") -> Third Choice Group | AB23: =IFERROR(__xludf.DUMMYFUNCTION("""COMPUTED_VALUE"""),"Third Choice Group") -> Third Choice Group | AC23: =IFERROR(__xludf.DUMMYFUNCTION("""COMPUTED_VALUE"""),"Third Choice Group") -> Third Choice Group | AD23: =IFERROR(__xludf.DUMMYFUNCTION("""COMPUTED_VALUE"""),"Third Choice Group") -> Third Choice Group | AE23: =IFERROR(__xludf.DUMMYFUNCTION("""COMPUTED_VALUE"""),"Second Choice") -> Second Choice | AF23: =IFERROR(__xludf.DUMMYFUNCTION("""COMPUTED_VALUE"""),"Third Choice Group") -> Third Choice Group | AG23: =IFERROR(__xludf.DUMMYFUNCTION("""COMPUTED_VALUE"""),"Third Choice Group") -> Third Choice Group | AH23: =IFERROR(__xludf.DUMMYFUNCTION("""COMPUTED_VALUE"""),"Third Choice Group") -> Third Choice Group | AI23: =IFERROR(__xludf.DUMMYFUNCTION("""COMPUTED_VALUE"""),"Third Choice Group") -> Third Choice Group | AJ23: =IFERROR(__xludf.DUMMYFUNCTION("""COMPUTED_VALUE"""),"Second Choice") -> Second Choice | AK23: =IFERROR(__xludf.DUMMYFUNCTION("""COMPUTED_VALUE"""),"Second Choice") -> Second Choice | AL23: =IFERROR(__xludf.DUMMYFUNCTION("""COMPUTED_VALUE"""),"Third Choice Group") -> Third Choice Group | AM23: =IFERROR(__xludf.DUMMYFUNCTION("""COMPUTED_VALUE"""),"Second Choice") -> Second Choice | AN23: =IFERROR(__xludf.DUMMYFUNCTION("""COMPUTED_VALUE"""),"First Choice Group") -> First Choice Group | AO23: =IFERROR(__xludf.DUMMYFUNCTION("""COMPUTED_VALUE"""),"Strong") -> Strong | AP23: =IFERROR(__xludf.DUMMYFUNCTION("""COMPUTED_VALUE"""),"Satisfactory") -> Satisfactory | AQ23: =IFERROR(__xludf.DUMMYFUNCTION("""COMPUTED_VALUE"""),"Strong") -> Strong | AR23: =IFERROR(__xludf.DUMMYFUNCTION("""COMPUTED_VALUE"""),"Excellent") -> Excellent | AS23: =IFERROR(__xludf.DUMMYFUNCTION("""COMPUTED_VALUE"""),"Strong") -> Strong | AT23: =IFERROR(__xludf.DUMMYFUNCTION("""COMPUTED_VALUE"""),"Strong") -> Strong | AU23: =IFERROR(__xludf.DUMMYFUNCTION("""COMPUTED_VALUE"""),"Satisfactory") -> Satisfactory | AV23: =IFERROR(__xludf.DUMMYFUNCTION("""COMPUTED_VALUE"""),"Satisfactory") -> Satisfactory | AW23: =IFERROR(__xludf.DUMMYFUNCTION("""COMPUTED_VALUE"""),"N\A") -> N\A | AX23: =IFERROR(__xludf.DUMMYFUNCTION("""COMPUTED_VALUE"""),"N\A") -> N\A | AY23: =IFERROR(__xludf.DUMMYFUNCTION("""COMPUTED_VALUE"""),"Funding, Teaching experience, Learn a new topic") -> Funding, Teaching experience, Learn a new topic | AZ23: =IFERROR(__xludf.DUMMYFUNCTION("""COMPUTED_VALUE"""),"Anything related to Web Development") -> Anything related to Web Development
A24: =IFERROR(__xludf.DUMMYFUNCTION("""COMPUTED_VALUE"""),46254.58276560185) -> 46254.583 | B24: =IFERROR(__xludf.DUMMYFUNCTION("""COMPUTED_VALUE"""),"X") -> X | C24: =IFERROR(__xludf.DUMMYFUNCTION("""COMPUTED_VALUE"""),"U") -> U | D24: =IFERROR(__xludf.DUMMYFUNCTION("""COMPUTED_VALUE"""),"x@pitt.edu") -> x@pitt.edu | E24: =IFERROR(__xludf.DUMMYFUNCTION("""COMPUTED_VALUE"""),"Second Choice") -> Second Choice | F24: =IFERROR(__xludf.DUMMYFUNCTION("""COMPUTED_VALUE"""),"Second Choice") -> Second Choice | G24: =IFERROR(__xludf.DUMMYFUNCTION("""COMPUTED_VALUE"""),"Second Choice") -> Second Choice | H24: =IFERROR(__xludf.DUMMYFUNCTION("""COMPUTED_VALUE"""),"Second Choice") -> Second Choice | I24: =IFERROR(__xludf.DUMMYFUNCTION("""COMPUTED_VALUE"""),"Second Choice") -> Second Choice | J24: =IFERROR(__xludf.DUMMYFUNCTION("""COMPUTED_VALUE"""),"Second Choice") -> Second Choice | K24: =IFERROR(__xludf.DUMMYFUNCTION("""COMPUTED_VALUE"""),"Third Choice Group") -> Third Choice Group | L24: =IFERROR(__xludf.DUMMYFUNCTION("""COMPUTED_VALUE"""),"First Choice Group") -> First Choice Group | M24: =IFERROR(__xludf.DUMMYFUNCTION("""COMPUTED_VALUE"""),"Second Choice") -> Second Choice | N24: =IFERROR(__xludf.DUMMYFUNCTION("""COMPUTED_VALUE"""),"Third Choice Group") -> Third Choice Group | O24: =IFERROR(__xludf.DUMMYFUNCTION("""COMPUTED_VALUE"""),"First Choice Group") -> First Choice Group | P24: =IFERROR(__xludf.DUMMYFUNCTION("""COMPUTED_VALUE"""),"Second Choice") -> Second Choice | Q24: =IFERROR(__xludf.DUMMYFUNCTION("""COMPUTED_VALUE"""),"Second Choice") -> Second Choice | R24: =IFERROR(__xludf.DUMMYFUNCTION("""COMPUTED_VALUE"""),"Second Choice") -> Second Choice | S24: =IFERROR(__xludf.DUMMYFUNCTION("""COMPUTED_VALUE"""),"Second Choice") -> Second Choice | T24: =IFERROR(__xludf.DUMMYFUNCTION("""COMPUTED_VALUE"""),"First Choice Group") -> First Choice Group | U24: =IFERROR(__xludf.DUMMYFUNCTION("""COMPUTED_VALUE"""),"Second Choice") -> Second Choice | V24: =IFERROR(__xludf.DUMMYFUNCTION("""COMPUTED_VALUE"""),"First Choice Group") -> First Choice Group | W24: =IFERROR(__xludf.DUMMYFUNCTION("""COMPUTED_VALUE"""),"Third Choice Group") -> Third Choice Group | X24: =IFERROR(__xludf.DUMMYFUNCTION("""COMPUTED_VALUE"""),"Third Choice Group") -> Third Choice Group | Y24: =IFERROR(__xludf.DUMMYFUNCTION("""COMPUTED_VALUE"""),"Second Choice") -> Second Choice | Z24: =IFERROR(__xludf.DUMMYFUNCTION("""COMPUTED_VALUE"""),"First Choice Group") -> First Choice Group | AA24: =IFERROR(__xludf.DUMMYFUNCTION("""COMPUTED_VALUE"""),"Second Choice") -> Second Choice | AB24: =IFERROR(__xludf.DUMMYFUNCTION("""COMPUTED_VALUE"""),"First Choice Group") -> First Choice Group | AC24: =IFERROR(__xludf.DUMMYFUNCTION("""COMPUTED_VALUE"""),"Second Choice") -> Second Choice | AD24: =IFERROR(__xludf.DUMMYFUNCTION("""COMPUTED_VALUE"""),"First Choice Group") -> First Choice Group | AE24: =IFERROR(__xludf.DUMMYFUNCTION("""COMPUTED_VALUE"""),"First Choice Group") -> First Choice Group | AF24: =IFERROR(__xludf.DUMMYFUNCTION("""COMPUTED_VALUE"""),"Second Choice") -> Second Choice | AG24: =IFERROR(__xludf.DUMMYFUNCTION("""COMPUTED_VALUE"""),"Second Choice") -> Second Choice | AH24: =IFERROR(__xludf.DUMMYFUNCTION("""COMPUTED_VALUE"""),"Second Choice") -> Second Choice | AI24: =IFERROR(__xludf.DUMMYFUNCTION("""COMPUTED_VALUE"""),"Third Choice Group") -> Third Choice Group | AJ24: =IFERROR(__xludf.DUMMYFUNCTION("""COMPUTED_VALUE"""),"Third Choice Group") -> Third Choice Group | AK24: =IFERROR(__xludf.DUMMYFUNCTION("""COMPUTED_VALUE"""),"First Choice Group") -> First Choice Group | AL24: =IFERROR(__xludf.DUMMYFUNCTION("""COMPUTED_VALUE"""),"First Choice Group") -> First Choice Group | AM24: =IFERROR(__xludf.DUMMYFUNCTION("""COMPUTED_VALUE"""),"Cannot TA Group (explain below)") -> Cannot TA Group (explain below) | AN24: =IFERROR(__xludf.DUMMYFUNCTION("""COMPUTED_VALUE"""),"Cannot TA Group (explain below)") -> Cannot TA Group (explain below) | AO24: =IFERROR(__xludf.DUMMYFUNCTION("""COMPUTED_VALUE"""),"Excellent") -> Excellent | AP24: =IFERROR(__xludf.DUMMYFUNCTION("""COMPUTED_VALUE"""),"Satisfactory") -> Satisfactory | AQ24: =IFERROR(__xludf.DUMMYFUNCTION("""COMPUTED_VALUE"""),"Satisfactory") -> Satisfactory | AR24: =IFERROR(__xludf.DUMMYFUNCTION("""COMPUTED_VALUE"""),"Satisfactory") -> Satisfactory | AS24: =IFERROR(__xludf.DUMMYFUNCTION("""COMPUTED_VALUE"""),"Satisfactory") -> Satisfactory | AT24: =IFERROR(__xludf.DUMMYFUNCTION("""COMPUTED_VALUE"""),"Excellent") -> Excellent | AU24: =IFERROR(__xludf.DUMMYFUNCTION("""COMPUTED_VALUE"""),"Satisfactory") -> Satisfactory | AV24: =IFERROR(__xludf.DUMMYFUNCTION("""COMPUTED_VALUE"""),"Excellent") -> Excellent | AW24: =IFERROR(__xludf.DUMMYFUNCTION("""COMPUTED_VALUE"""),"I am unavailable from 12-3pm and 6-8:30pm Mondays, and 2pm-3:15pm on Tuesdays and Thursdays.") -> I am unavailable from 12-3pm and 6-8:30pm Mondays, and 2pm-3:15pm on Tuesdays and Thursdays. | AX24: =IFERROR(__xludf.DUMMYFUNCTION("""COMPUTED_VALUE"""),"cs2750") -> cs2750 | AY24: =IFERROR(__xludf.DUMMYFUNCTION("""COMPUTED_VALUE"""),"Funding") -> Funding | AZ24: =IFERROR(__xludf.DUMMYFUNCTION("""COMPUTED_VALUE"""),"no background in quantum computing") -> no background in quantum computing

Sheet Filter and sort courses
A2: {=UNIQUE(Cleanup!B2:B74)} -> A | B2: {=TRANSPOSE(SORT(TRANSPOSE(Cleanup!$E$1:$AN$1), TRANSPOSE(MATCH(Cleanup!$E2:$AN2, {"First Choice Group", "Second Choice", "Third Choice Group", "Cannot TA Group (explain below)"}, 0)), TRUE))} -> CS 1635/2035 | C2: CS 1656 | D2: CS 1671/2071 | E2: CS 1674/2074 | F2: CS 1675/2075 | G2: CS 1684/2084 | H2: CS 2710 | I2: CS 2731 | J2: CS 2750 | K2: CS 1699 | L2: CS 0007 | M2: CS 0011/0012 | N2: CMPINF 0401 | O2: CS 0441 | P2: CS 0445 | Q2: CS 0447 | R2: CS 0449 | S2: CS 0590 | T2: CS 1501 | U2: CS 1502 | V2: CS 1503 | W2: CS 1510/2012 | X2: CS 1520 | Y2: CS 1530 | Z2: CS 1550 | AA2: CS 1555/2055 | AB2: CS 1566 | AC2: CS 1571 | AD2: CS 1632 | AE2: CS 1980/1640 | AF2: CS 1660/2060 | AG2: CS 1666 | AH2: CS 1900/1950 | AI2: CS 2210 | AJ2: CS 2520 | AK2: CS 2893
A3: B | B3: {=TRANSPOSE(SORT(TRANSPOSE(Cleanup!$E$1:$AN$1), TRANSPOSE(MATCH(Cleanup!$E3:$AN3, {"First Choice Group", "Second Choice", "Third Choice Group", "Cannot TA Group (explain below)"}, 0)), TRUE))} -> CS 0007 | C3: CS 0011/0012 | D3: CMPINF 0401 | E3: CS 0441 | F3: CS 0445 | G3: CS 0449 | H3: CS 1501 | I3: CS 1510/2012 | J3: CS 1520 | K3: CS 1550 | L3: CS 1555/2055 | M3: CS 1656 | N3: CS 1660/2060 | O3: CS 1666 | P3: CS 1671/2071 | Q3: CS 1674/2074 | R3: CS 1675/2075 | S3: CS 1684/2084 | T3: CS 1699 | U3: CS 1900/1950 | V3: CS 2520 | W3: CS 2710 | X3: CS 2731 | Y3: CS 2750 | Z3: CS 0447 | AA3: CS 0590 | AB3: CS 1502 | AC3: CS 1503 | AD3: CS 1530 | AE3: CS 1566 | AF3: CS 1571 | AG3: CS 1632 | AH3: CS 1635/2035 | AI3: CS 1980/1640 | AJ3: CS 2210 | AK3: CS 2893
A4: C | B4: {=TRANSPOSE(SORT(TRANSPOSE(Cleanup!$E$1:$AN$1), TRANSPOSE(MATCH(Cleanup!$E4:$AN4, {"First Choice Group", "Second Choice", "Third Choice Group", "Cannot TA Group (explain below)"}, 0)), TRUE))} -> CS 1656 | C4: CS 0445 | D4: CS 1520 | E4: CS 1550 | F4: CS 0007 | G4: CS 0011/0012 | H4: CMPINF 0401 | I4: CS 0441 | J4: CS 0447 | K4: CS 0449 | L4: CS 0590 | M4: CS 1501 | N4: CS 1502 | O4: CS 1503 | P4: CS 1510/2012 | Q4: CS 1530 | R4: CS 1555/2055 | S4: CS 1566 | T4: CS 1571 | U4: CS 1632 | V4: CS 1635/2035 | W4: CS 1980/1640 | X4: CS 1660/2060 | Y4: CS 1666 | Z4: CS 1671/2071 | AA4: CS 1674/2074 | AB4: CS 1675/2075 | AC4: CS 1684/2084 | AD4: CS 1699 | AE4: CS 1900/1950 | AF4: CS 2210 | AG4: CS 2520 | AH4: CS 2710 | AI4: CS 2731 | AJ4: CS 2750 | AK4: CS 2893
A5: D | B5: {=TRANSPOSE(SORT(TRANSPOSE(Cleanup!$E$1:$AN$1), TRANSPOSE(MATCH(Cleanup!$E5:$AN5, {"First Choice Group", "Second Choice", "Third Choice Group", "Cannot TA Group (explain below)"}, 0)), TRUE))} -> CS 0007 | C5: CS 0011/0012 | D5: CMPINF 0401 | E5: CS 0441 | F5: CS 0590 | G5: CS 1503 | H5: CS 1520 | I5: CS 1530 | J5: CS 1571 | K5: CS 1632 | L5: CS 1635/2035 | M5: CS 1980/1640 | N5: CS 1656 | O5: CS 1660/2060 | P5: CS 1666 | Q5: CS 1671/2071 | R5: CS 1674/2074 | S5: CS 1675/2075 | T5: CS 1684/2084 | U5: CS 1699 | V5: CS 1900/1950 | W5: CS 2710 | X5: CS 2731 | Y5: CS 2750 | Z5: CS 0445 | AA5: CS 0447 | AB5: CS 0449 | AC5: CS 1501 | AD5: CS 1502 | AE5: CS 1510/2012 | AF5: CS 1550 | AG5: CS 1555/2055 | AH5: CS 1566 | AI5: CS 2210 | AJ5: CS 2520 | AK5: CS 2893
A6: E | B6: {=TRANSPOSE(SORT(TRANSPOSE(Cleanup!$E$1:$AN$1), TRANSPOSE(MATCH(Cleanup!$E6:$AN6, {"First Choice Group", "Second Choice", "Third Choice Group", "Cannot TA Group (explain below)"}, 0)), TRUE))} -> CS 2710 | C6: CS 2750 | D6: CS 1571 | E6: CS 1656 | F6: CS 1671/2071 | G6: CS 1674/2074 | H6: CS 1675/2075 | I6: CS 2731 | J6: CS 0007 | K6: CS 0011/0012 | L6: CMPINF 0401 | M6: CS 0441 | N6: CS 0445 | O6: CS 0447 | P6: CS 0449 | Q6: CS 0590 | R6: CS 1501 | S6: CS 1502 | T6: CS 1503 | U6: CS 1510/2012 | V6: CS 1520 | W6: CS 1530 | X6: CS 1550 | Y6: CS 1555/2055 | Z6: CS 1566 | AA6: CS 1632 | AB6: CS 1635/2035 | AC6: CS 1980/1640 | AD6: CS 1660/2060 | AE6: CS 1666 | AF6: CS 1684/2084 | AG6: CS 1699 | AH6: CS 1900/1950 | AI6: CS 2210 | AJ6: CS 2520 | AK6: CS 2893
A7: F | B7: {=TRANSPOSE(SORT(TRANSPOSE(Cleanup!$E$1:$AN$1), TRANSPOSE(MATCH(Cleanup!$E7:$AN7, {"First Choice Group", "Second Choice", "Third Choice Group", "Cannot TA Group (explain below)"}, 0)), TRUE))} -> CS 1674/2074 | C7: CS 2750 | D7: CS 1510/2012 | E7: CS 1571 | F7: CS 1656 | G7: CS 0007 | H7: CS 0011/0012 | I7: CMPINF 0401 | J7: CS 0441 | K7: CS 0445 | L7: CS 0447 | M7: CS 0449 | N7: CS 0590 | O7: CS 1501 | P7: CS 1502 | Q7: CS 1503 | R7: CS 1520 | S7: CS 1530 | T7: CS 1550 | U7: CS 1555/2055 | V7: CS 1566 | W7: CS 1632 | X7: CS 1635/2035 | Y7: CS 1980/1640 | Z7: CS 1660/2060 | AA7: CS 1666 | AB7: CS 1671/2071 | AC7: CS 1684/2084 | AD7: CS 1699 | AE7: CS 1900/1950 | AF7: CS 2210 | AG7: CS 2520 | AH7: CS 2710 | AI7: CS 2731 | AJ7: CS 2893 | AK7: CS 1675/2075
A8: G | B8: {=TRANSPOSE(SORT(TRANSPOSE(Cleanup!$E$1:$AN$1), TRANSPOSE(MATCH(Cleanup!$E8:$AN8, {"First Choice Group", "Second Choice", "Third Choice Group", "Cannot TA Group (explain below)"}, 0)), TRUE))} -> CS 1571 | C8: CS 1671/2071 | D8: CS 1684/2084 | E8: CS 2710 | F8: CS 2731 | G8: CS 2750 | H8: CS 0590 | I8: CS 1980/1640 | J8: CS 1675/2075 | K8: CS 1699 | L8: CS 1900/1950 | M8: CS 2520 | N8: CS 0007 | O8: CS 0011/0012 | P8: CMPINF 0401 | Q8: CS 0441 | R8: CS 0445 | S8: CS 1501 | T8: CS 1503 | U8: CS 1510/2012 | V8: CS 1530 | W8: CS 1555/2055 | X8: CS 1632 | Y8: CS 1656 | Z8: CS 1660/2060 | AA8: CS 1674/2074 | AB8: CS 0447 | AC8: CS 0449 | AD8: CS 1502 | AE8: CS 1520 | AF8: CS 1550 | AG8: CS 1566 | AH8: CS 1635/2035 | AI8: CS 1666 | AJ8: CS 2210 | AK8: CS 2893
A9: H | B9: {=TRANSPOSE(SORT(TRANSPOSE(Cleanup!$E$1:$AN$1), TRANSPOSE(MATCH(Cleanup!$E9:$AN9, {"First Choice Group", "Second Choice", "Third Choice Group", "Cannot TA Group (explain below)"}, 0)), TRUE))} -> CS 1671/2071 | C9: CS 1501 | D9: CS 1571 | E9: CS 1656 | F9: CS 1675/2075 | G9: CS 0007 | H9: CS 0011/0012 | I9: CMPINF 0401 | J9: CS 0441 | K9: CS 0445 | L9: CS 0447 | M9: CS 0449 | N9: CS 0590 | O9: CS 1502 | P9: CS 1503 | Q9: CS 1510/2012 | R9: CS 1520 | S9: CS 1530 | T9: CS 1550 | U9: CS 1555/2055 | V9: CS 1566 | W9: CS 1632 | X9: CS 1635/2035 | Y9: CS 1980/1640 | Z9: CS 1660/2060 | AA9: CS 1666 | AB9: CS 1674/2074 | AC9: CS 1684/2084 | AD9: CS 1699 | AE9: CS 1900/1950 | AF9: CS 2210 | AG9: CS 2520 | AH9: CS 2710 | AI9: CS 2731 | AJ9: CS 2750 | AK9: CS 2893
A10: I | B10: {=TRANSPOSE(SORT(TRANSPOSE(Cleanup!$E$1:$AN$1), TRANSPOSE(MATCH(Cleanup!$E10:$AN10, {"First Choice Group", "Second Choice", "Third Choice Group", "Cannot TA Group (explain below)"}, 0)), TRUE))} -> CS 2710 | C10: CS 2731 | D10: CS 2750 | E10: CS 1671/2071 | F10: CS 1674/2074 | G10: CS 1684/2084 | H10: CS 1699 | I10: CS 1900/1950 | J10: CS 1530 | K10: CS 1571 | L10: CS 1980/1640 | M10: CS 1656 | N10: CS 1675/2075 | O10: CS 0007 | P10: CS 0011/0012 | Q10: CMPINF 0401 | R10: CS 0441 | S10: CS 0445 | T10: CS 0447 | U10: CS 0449 | V10: CS 0590 | W10: CS 1501 | X10: CS 1502 | Y10: CS 1503 | Z10: CS 1510/2012 | AA10: CS 1520 | AB10: CS 1550 | AC10: CS 1555/2055 | AD10: CS 1566 | AE10: CS 1632 | AF10: CS 1635/2035 | AG10: CS 1660/2060 | AH10: CS 1666 | AI10: CS 2210 | AJ10: CS 2520 | AK10: CS 2893
A11: J | B11: {=TRANSPOSE(SORT(TRANSPOSE(Cleanup!$E$1:$AN$1), TRANSPOSE(MATCH(Cleanup!$E11:$AN11, {"First Choice Group", "Second Choice", "Third Choice Group", "Cannot TA Group (explain below)"}, 0)), TRUE))} -> CS 0007 | C11: CS 0445 | D11: CS 1501 | E11: CS 1656 | F11: CS 0011/0012 | G11: CMPINF 0401 | H11: CS 0590 | I11: CS 1571 | J11: CS 1671/2071 | K11: CS 1675/2075 | L11: CS 2731 | M11: CS 0441 | N11: CS 1502 | O11: CS 1503 | P11: CS 1520 | Q11: CS 1530 | R11: CS 1632 | S11: CS 1635/2035 | T11: CS 1674/2074 | U11: CS 1684/2084 | V11: CS 2710 | W11: CS 2750 | X11: CS 0447 | Y11: CS 0449 | Z11: CS 1510/2012 | AA11: CS 1550 | AB11: CS 1555/2055 | AC11: CS 1566 | AD11: CS 1980/1640 | AE11: CS 1660/2060 | AF11: CS 1666 | AG11: CS 1699 | AH11: CS 1900/1950 | AI11: CS 2210 | AJ11: CS 2520 | AK11: CS 2893
A12: K | B12: {=TRANSPOSE(SORT(TRANSPOSE(Cleanup!$E$1:$AN$1), TRANSPOSE(MATCH(Cleanup!$E12:$AN12, {"First Choice Group", "Second Choice", "Third Choice Group", "Cannot TA Group (explain below)"}, 0)), TRUE))} -> CS 0007 | C12: CS 0011/0012 | D12: CMPINF 0401 | E12: CS 0445 | F12: CS 1520 | G12: CS 1530 | H12: CS 1635/2035 | I12: CS 1671/2071 | J12: CS 1684/2084 | K12: CS 1699 | L12: CS 1501 | M12: CS 1503 | N12: CS 1980/1640 | O12: CS 1675/2075 | P12: CS 2731 | Q12: CS 0441 | R12: CS 0447 | S12: CS 0449 | T12: CS 0590 | U12: CS 1632 | V12: CS 1674/2074 | W12: CS 2750 | X12: CS 1502 | Y12: CS 1510/2012 | Z12: CS 1550 | AA12: CS 1555/2055 | AB12: CS 1566 | AC12: CS 1571 | AD12: CS 1656 | AE12: CS 1660/2060 | AF12: CS 1666 | AG12: CS 1900/1950 | AH12: CS 2210 | AI12: CS 2520 | AJ12: CS 2710 | AK12: CS 2893
A13: L | B13: {=TRANSPOSE(SORT(TRANSPOSE(Cleanup!$E$1:$AN$1), TRANSPOSE(MATCH(Cleanup!$E13:$AN13, {"First Choice Group", "Second Choice", "Third Choice Group", "Cannot TA Group (explain below)"}, 0)), TRUE))} -> CS 2731 | C13: CS 1675/2075 | D13: CS 2710 | E13: CS 1571 | F13: CS 2750 | G13: CS 0007 | H13: CS 0011/0012 | I13: CMPINF 0401 | J13: CS 0441 | K13: CS 0445 | L13: CS 0447 | M13: CS 0449 | N13: CS 0590 | O13: CS 1501 | P13: CS 1502 | Q13: CS 1503 | R13: CS 1510/2012 | S13: CS 1520 | T13: CS 1530 | U13: CS 1550 | V13: CS 1555/2055 | W13: CS 1566 | X13: CS 1632 | Y13: CS 1635/2035 | Z13: CS 1980/1640 | AA13: CS 1656 | AB13: CS 1660/2060 | AC13: CS 1666 | AD13: CS 1671/2071 | AE13: CS 1674/2074 | AF13: CS 1684/2084 | AG13: CS 1699 | AH13: CS 1900/1950 | AI13: CS 2210 | AJ13: CS 2520 | AK13: CS 2893
A14: M | B14: {=TRANSPOSE(SORT(TRANSPOSE(Cleanup!$E$1:$AN$1), TRANSPOSE(MATCH(Cleanup!$E14:$AN14, {"First Choice Group", "Second Choice", "Third Choice Group", "Cannot TA Group (explain below)"}, 0)), TRUE))} -> CMPINF 0401 | C14: CS 0445 | D14: CS 0447 | E14: CS 1501 | F14: CS 1900/1950 | G14: CS 0007 | H14: CS 1635/2035 | I14: CS 0441 | J14: CS 0449 | K14: CS 1502 | L14: CS 1503 | M14: CS 1510/2012 | N14: CS 1530 | O14: CS 1550 | P14: CS 1555/2055 | Q14: CS 1566 | R14: CS 1656 | S14: CS 1684/2084 | T14: CS 2210 | U14: CS 0011/0012 | V14: CS 0590 | W14: CS 1520 | X14: CS 1571 | Y14: CS 1632 | Z14: CS 1980/1640 | AA14: CS 1660/2060 | AB14: CS 1666 | AC14: CS 1671/2071 | AD14: CS 1674/2074 | AE14: CS 1675/2075 | AF14: CS 1699 | AG14: CS 2520 | AH14: CS 2710 | AI14: CS 2731 | AJ14: CS 2750 | AK14: CS 2893
... A24: X | B24: {=TRANSPOSE(SORT(TRANSPOSE(Cleanup!$E$1:$AN$1), TRANSPOSE(MATCH(Cleanup!$E24:$AN24, {"First Choice Group", "Second Choice", "Third Choice Group", "Cannot TA Group (explain below)"}, 0)), TRUE))} -> CS 0590 | C24: CS 1503 | D24: CS 1555/2055 | E24: CS 1571 | F24: CS 1656 | G24: CS 1666 | H24: CS 1674/2074 | I24: CS 1675/2075 | J24: CS 2710 | K24: CS 2731 | L24: CS 0007 | M24: CS 0011/0012 | N24: CMPINF 0401 | O24: CS 0441 | P24: CS 0445 | Q24: CS 0447 | R24: CS 1501 | S24: CS 1510/2012 | T24: CS 1520 | U24: CS 1530 | V24: CS 1550 | W24: CS 1566 | X24: CS 1980/1640 | Y24: CS 1660/2060 | Z24: CS 1671/2071 | AA24: CS 1684/2084 | AB24: CS 1699 | AC24: CS 1900/1950 | AD24: CS 0449 | AE24: CS 1502 | AF24: CS 1632 | AG24: CS 1635/2035 | AH24: CS 2210 | AI24: CS 2520 | AJ24: CS 2750 | AK24: CS 2893

Sheet Sort by course
B1: First Choice Group | C1: Second Choice | D1: Third Choice Group | E1: Cannot TA Group (explain below)
A2: {=TRANSPOSE(UNIQUE(Cleanup!E1:AN1))} -> CS 0007 | B2: =IFERROR(__xludf.DUMMYFUNCTION("TEXTJOIN("", "", TRUE, IFNA(FILTER(Cleanup!$B$2:$B1000, INDEX(Cleanup!$E$2:$AN1000, 0, MATCH($A2, Cleanup!$E$1:$AN$1, 0)) = B$1), """"))"),"B, D, J, K, N, R, S, U") -> B, D, J, K, N, R, S, U | C2: =IFERROR(__xludf.DUMMYFUNCTION("TEXTJOIN("", "", TRUE, IFNA(FILTER(Cleanup!$B$2:$B1000, INDEX(Cleanup!$E$2:$AN1000, 0, MATCH($A2, Cleanup!$E$1:$AN$1, 0)) = C$1), """"))"),"M, Q, X") -> M, Q, X | D2: =IFERROR(__xludf.DUMMYFUNCTION("TEXTJOIN("", "", TRUE, IFNA(FILTER(Cleanup!$B$2:$B1000, INDEX(Cleanup!$E$2:$AN1000, 0, MATCH($A2, Cleanup!$E$1:$AN$1, 0)) = D$1), """"))"),"A, C, E, F, G, O, P, T, V") -> A, C, E, F, G, O, P, T, V | E2: =IFERROR(__xludf.DUMMYFUNCTION("TEXTJOIN("", "", TRUE, IFNA(FILTER(Cleanup!$B$2:$B1000, INDEX(Cleanup!$E$2:$AN1000, 0, MATCH($A2, Cleanup!$E$1:$AN$1, 0)) = E$1), """"))"),"H, I, L") -> H, I, L
A3: CS 0011/0012 | B3: =IFERROR(__xludf.DUMMYFUNCTION("TEXTJOIN("", "", TRUE, IFNA(FILTER(Cleanup!$B$2:$B1000, INDEX(Cleanup!$E$2:$AN1000, 0, MATCH($A3, Cleanup!$E$1:$AN$1, 0)) = B$1), """"))"),"B, D, K, N, S") -> B, D, K, N, S | C3: =IFERROR(__xludf.DUMMYFUNCTION("TEXTJOIN("", "", TRUE, IFNA(FILTER(Cleanup!$B$2:$B1000, INDEX(Cleanup!$E$2:$AN1000, 0, MATCH($A3, Cleanup!$E$1:$AN$1, 0)) = C$1), """"))"),"J, Q, R, T, U, X") -> J, Q, R, T, U, X | D3: =IFERROR(__xludf.DUMMYFUNCTION("TEXTJOIN("", "", TRUE, IFNA(FILTER(Cleanup!$B$2:$B1000, INDEX(Cleanup!$E$2:$AN1000, 0, MATCH($A3, Cleanup!$E$1:$AN$1, 0)) = D$1), """"))"),"A, C, E, F, G, O, P, V") -> A, C, E, F, G, O, P, V | E3: =IFERROR(__xludf.DUMMYFUNCTION("TEXTJOIN("", "", TRUE, IFNA(FILTER(Cleanup!$B$2:$B1000, INDEX(Cleanup!$E$2:$AN1000, 0, MATCH($A3, Cleanup!$E$1:$AN$1, 0)) = E$1), """"))"),"H, I, L, M") -> H, I, L, M
A4: CMPINF 0401 | B4: =IFERROR(__xludf.DUMMYFUNCTION("TEXTJOIN("", "", TRUE, IFNA(FILTER(Cleanup!$B$2:$B1000, INDEX(Cleanup!$E$2:$AN1000, 0, MATCH($A4, Cleanup!$E$1:$AN$1, 0)) = B$1), """"))"),"B, D, K, M, N, S, U") -> B, D, K, M, N, S, U | C4: =IFERROR(__xludf.DUMMYFUNCTION("TEXTJOIN("", "", TRUE, IFNA(FILTER(Cleanup!$B$2:$B1000, INDEX(Cleanup!$E$2:$AN1000, 0, MATCH($A4, Cleanup!$E$1:$AN$1, 0)) = C$1), """"))"),"J, Q, R, X") -> J, Q, R, X | D4: =IFERROR(__xludf.DUMMYFUNCTION("TEXTJOIN("", "", TRUE, IFNA(FILTER(Cleanup!$B$2:$B1000, INDEX(Cleanup!$E$2:$AN1000, 0, MATCH($A4, Cleanup!$E$1:$AN$1, 0)) = D$1), """"))"),"A, C, E, F, G, O, P, T, V") -> A, C, E, F, G, O, P, T, V | E4: =IFERROR(__xludf.DUMMYFUNCTION("TEXTJOIN("", "", TRUE, IFNA(FILTER(Cleanup!$B$2:$B1000, INDEX(Cleanup!$E$2:$AN1000, 0, MATCH($A4, Cleanup!$E$1:$AN$1, 0)) = E$1), """"))"),"H, I, L") -> H, I, L
A5: CS 0441 | C5: =IFERROR(__xludf.DUMMYFUNCTION("TEXTJOIN("", "", TRUE, IFNA(FILTER(Cleanup!$B$2:$B1000, INDEX(Cleanup!$E$2:$AN1000, 0, MATCH($A5, Cleanup!$E$1:$AN$1, 0)) = C$1), """"))"),"O, T, U, X") -> O, T, U, X | D5: =IFERROR(__xludf.DUMMYFUNCTION("TEXTJOIN("", "", TRUE, IFNA(FILTER(Cleanup!$B$2:$B1000, INDEX(Cleanup!$E$2:$AN1000, 0, MATCH($A5, Cleanup!$E$1:$AN$1, 0)) = D$1), """"))"),"A, C, E, F, G, J, K, M, Q") -> A, C, E, F, G, J, K, M, Q | E5: =IFERROR(__xludf.DUMMYFUNCTION("TEXTJOIN("", "", TRUE, IFNA(FILTER(Cleanup!$B$2:$B1000, INDEX(Cleanup!$E$2:$AN1000, 0, MATCH($A5, Cleanup!$E$1:$AN$1, 0)) = E$1), """"))"),"H, I, L, P, S") -> H, I, L, P, S
A6: CS 0445 | B6: =IFERROR(__xludf.DUMMYFUNCTION("TEXTJOIN("", "", TRUE, IFNA(FILTER(Cleanup!$B$2:$B1000, INDEX(Cleanup!$E$2:$AN1000, 0, MATCH($A5, Cleanup!$E$1:$AN$1, 0)) = B$1), """"))"),"B, D, N, R, V") -> B, D, N, R, V | C6: =IFERROR(__xludf.DUMMYFUNCTION("TEXTJOIN("", "", TRUE, IFNA(FILTER(Cleanup!$B$2:$B1000, INDEX(Cleanup!$E$2:$AN1000, 0, MATCH($A6, Cleanup!$E$1:$AN$1, 0)) = C$1), """"))"),"C, Q, R, U, X") -> C, Q, R, U, X | D6: =IFERROR(__xludf.DUMMYFUNCTION("TEXTJOIN("", "", TRUE, IFNA(FILTER(Cleanup!$B$2:$B1000, INDEX(Cleanup!$E$2:$AN1000, 0, MATCH($A6, Cleanup!$E$1:$AN$1, 0)) = D$1), """"))"),"A, E, F, G, O, T, V") -> A, E, F, G, O, T, V | E6: =IFERROR(__xludf.DUMMYFUNCTION("TEXTJOIN("", "", TRUE, IFNA(FILTER(Cleanup!$B$2:$B1000, INDEX(Cleanup!$E$2:$AN1000, 0, MATCH($A6, Cleanup!$E$1:$AN$1, 0)) = E$1), """"))"),"D, H, I, L, P, S") -> D, H, I, L, P, S
A7: CS 0447 | B7: =IFERROR(__xludf.DUMMYFUNCTION("TEXTJOIN("", "", TRUE, IFNA(FILTER(Cleanup!$B$2:$B1000, INDEX(Cleanup!$E$2:$AN1000, 0, MATCH($A7, Cleanup!$E$1:$AN$1, 0)) = B$1), """"))"),"M, N, O") -> M, N, O | C7: =IFERROR(__xludf.DUMMYFUNCTION("TEXTJOIN("", "", TRUE, IFNA(FILTER(Cleanup!$B$2:$B1000, INDEX(Cleanup!$E$2:$AN1000, 0, MATCH($A7, Cleanup!$E$1:$AN$1, 0)) = C$1), """"))"),"U, X") -> U, X | D7: =IFERROR(__xludf.DUMMYFUNCTION("TEXTJOIN("", "", TRUE, IFNA(FILTER(Cleanup!$B$2:$B1000, INDEX(Cleanup!$E$2:$AN1000, 0, MATCH($A7, Cleanup!$E$1:$AN$1, 0)) = D$1), """"))"),"A, B, C, E, F, K, Q, R, S, T, V") -> A, B, C, E, F, K, Q, R, S, T, V | E7: =IFERROR(__xludf.DUMMYFUNCTION("TEXTJOIN("", "", TRUE, IFNA(FILTER(Cleanup!$B$2:$B1000, INDEX(Cleanup!$E$2:$AN1000, 0, MATCH($A7, Cleanup!$E$1:$AN$1, 0)) = E$1), """"))"),"D, G, H, I, J, L, P") -> D, G, H, I, J, L, P
A8: CS 0449 | B8: =IFERROR(__xludf.DUMMYFUNCTION("TEXTJOIN("", "", TRUE, IFNA(FILTER(Cleanup!$B$2:$B1000, INDEX(Cleanup!$E$2:$AN1000, 0, MATCH($A8, Cleanup!$E$1:$AN$1, 0)) = B$1), """"))"),"B, N, O") -> B, N, O | C8: =IFERROR(__xludf.DUMMYFUNCTION("TEXTJOIN("", "", TRUE, IFNA(FILTER(Cleanup!$B$2:$B1000, INDEX(Cleanup!$E$2:$AN1000, 0, MATCH($A8, Cleanup!$E$1:$AN$1, 0)) = C$1), """"))"),"R, U") -> R, U | D8: =IFERROR(__xludf.DUMMYFUNCTION("TEXTJOIN("", "", TRUE, IFNA(FILTER(Cleanup!$B$2:$B1000, INDEX(Cleanup!$E$2:$AN1000, 0, MATCH($A8, Cleanup!$E$1:$AN$1, 0)) = D$1), """"))"),"A, C, E, F, K, M, Q, T, V, X") -> A, C, E, F, K, M, Q, T, V, X | E8: =IFERROR(__xludf.DUMMYFUNCTION("TEXTJOIN("", "", TRUE, IFNA(FILTER(Cleanup!$B$2:$B1000, INDEX(Cleanup!$E$2:$AN1000, 0, MATCH($A8, Cleanup!$E$1:$AN$1, 0)) = E$1), """"))"),"D, G, H, I, J, L, P, S") -> D, G, H, I, J, L, P, S
A9: CS 0590 | B9: =IFERROR(__xludf.DUMMYFUNCTION("TEXTJOIN("", "", TRUE, IFNA(FILTER(Cleanup!$B$2:$B1000, INDEX(Cleanup!$E$2:$AN1000, 0, MATCH($A9, Cleanup!$E$1:$AN$1, 0)) = B$1), """"))"),"D, N, X") -> D, N, X | C9: =IFERROR(__xludf.DUMMYFUNCTION("TEXTJOIN("", "", TRUE, IFNA(FILTER(Cleanup!$B$2:$B1000, INDEX(Cleanup!$E$2:$AN1000, 0, MATCH($A9, Cleanup!$E$1:$AN$1, 0)) = C$1), """"))"),"G, J, R, S") -> G, J, R, S | D9: =IFERROR(__xludf.DUMMYFUNCTION("TEXTJOIN("", "", TRUE, IFNA(FILTER(Cleanup!$B$2:$B1000, INDEX(Cleanup!$E$2:$AN1000, 0, MATCH($A9, Cleanup!$E$1:$AN$1, 0)) = D$1), """"))"),"A, B, C, E, F, K, O, Q, T, U, V") -> A, B, C, E, F, K, O, Q, T, U, V | E9: =IFERROR(__xludf.DUMMYFUNCTION("TEXTJOIN("", "", TRUE, IFNA(FILTER(Cleanup!$B$2:$B1000, INDEX(Cleanup!$E$2:$AN1000, 0, MATCH($A9, Cleanup!$E$1:$AN$1, 0)) = E$1), """"))"),"H, I, L, M, P") -> H, I, L, M, P
A10: CS 1501 | B10: =IFERROR(__xludf.DUMMYFUNCTION("TEXTJOIN("", "", TRUE, IFNA(FILTER(Cleanup!$B$2:$B1000, INDEX(Cleanup!$E$2:$AN1000, 0, MATCH($A10, Cleanup!$E$1:$AN$1, 0)) = B$1), """"))"),"B, J, M, Q") -> B, J, M, Q | C10: =IFERROR(__xludf.DUMMYFUNCTION("TEXTJOIN("", "", TRUE, IFNA(FILTER(Cleanup!$B$2:$B1000, INDEX(Cleanup!$E$2:$AN1000, 0, MATCH($A10, Cleanup!$E$1:$AN$1, 0)) = C$1), """"))"),"H, K, N, O, T, U, X") -> H, K, N, O, T, U, X | D10: =IFERROR(__xludf.DUMMYFUNCTION("TEXTJOIN("", "", TRUE, IFNA(FILTER(Cleanup!$B$2:$B1000, INDEX(Cleanup!$E$2:$AN1000, 0, MATCH($A10, Cleanup!$E$1:$AN$1, 0)) = D$1), """"))"),"A, C, E, F, G, R, V") -> A, C, E, F, G, R, V | E10: =IFERROR(__xludf.DUMMYFUNCTION("TEXTJOIN("", "", TRUE, IFNA(FILTER(Cleanup!$B$2:$B1000, INDEX(Cleanup!$E$2:$AN1000, 0, MATCH($A10, Cleanup!$E$1:$AN$1, 0)) = E$1), """"))"),"D, I, L, P, S") -> D, I, L, P, S
A11: CS 1502 | B11: =IFERROR(__xludf.DUMMYFUNCTION("TEXTJOIN("", "", TRUE, IFNA(FILTER(Cleanup!$B$2:$B1000, INDEX(Cleanup!$E$2:$AN1000, 0, MATCH($A11, Cleanup!$E$1:$AN$1, 0)) = B$1), """"))"),"O, V") -> O, V | C11: =IFERROR(__xludf.DUMMYFUNCTION("TEXTJOIN("", "", TRUE, IFNA(FILTER(Cleanup!$B$2:$B1000, INDEX(Cleanup!$E$2:$AN1000, 0, MATCH($A11, Cleanup!$E$1:$AN$1, 0)) = C$1), """"))"),"R, T, U") -> R, T, U | D11: =IFERROR(__xludf.DUMMYFUNCTION("TEXTJOIN("", "", TRUE, IFNA(FILTER(Cleanup!$B$2:$B1000, INDEX(Cleanup!$E$2:$AN1000, 0, MATCH($A11, Cleanup!$E$1:$AN$1, 0)) = D$1), """"))"),"A, B, C, E, F, J, M, N, P, Q, X") -> A, B, C, E, F, J, M, N, P, Q, X | E11: =IFERROR(__xludf.DUMMYFUNCTION("TEXTJOIN("", "", TRUE, IFNA(FILTER(Cleanup!$B$2:$B1000, INDEX(Cleanup!$E$2:$AN1000, 0, MATCH($A11, Cleanup!$E$1:$AN$1, 0)) = E$1), """"))"),"D, G, H, I, K, L, S") -> D, G, H, I, K, L, S
A12: CS 1503 | B12: =IFERROR(__xludf.DUMMYFUNCTION("TEXTJOIN("", "", TRUE, IFNA(FILTER(Cleanup!$B$2:$B1000, INDEX(Cleanup!$E$2:$AN1000, 0, MATCH($A12, Cleanup!$E$1:$AN$1, 0)) = B$1), """"))"),"D, R, V, X") -> D, R, V, X | C12: =IFERROR(__xludf.DUMMYFUNCTION("TEXTJOIN("", "", TRUE, IFNA(FILTER(Cleanup!$B$2:$B1000, INDEX(Cleanup!$E$2:$AN1000, 0, MATCH($A12, Cleanup!$E$1:$AN$1, 0)) = C$1), """"))"),"K, P, T") -> K, P, T | D12: =IFERROR(__xludf.DUMMYFUNCTION("TEXTJOIN("", "", TRUE, IFNA(FILTER(Cleanup!$B$2:$B1000, INDEX(Cleanup!$E$2:$AN1000, 0, MATCH($A12, Cleanup!$E$1:$AN$1, 0)) = D$1), """"))"),"A, B, C, E, F, G, J, M, N, O, Q, S, U") -> A, B, C, E, F, G, J, M, N, O, Q, S, U | E12: =IFERROR(__xludf.DUMMYFUNCTION("TEXTJOIN("", "", TRUE, IFNA(FILTER(Cleanup!$B$2:$B1000, INDEX(Cleanup!$E$2:$AN1000, 0, MATCH($A12, Cleanup!$E$1:$AN$1, 0)) = E$1), """"))"),"H, I, L") -> H, I, L
A13: CS 1510/2012 | B13: =IFERROR(__xludf.DUMMYFUNCTION("TEXTJOIN("", "", TRUE, IFNA(FILTER(Cleanup!$B$2:$B1000, INDEX(Cleanup!$E$2:$AN1000, 0, MATCH($A13, Cleanup!$E$1:$AN$1, 0)) = B$1), """"))"),"B, N, T, V") -> B, N, T, V | C13: =IFERROR(__xludf.DUMMYFUNCTION("TEXTJOIN("", "", TRUE, IFNA(FILTER(Cleanup!$B$2:$B1000, INDEX(Cleanup!$E$2:$AN1000, 0, MATCH($A13, Cleanup!$E$1:$AN$1, 0)) = C$1), """"))"),"F, O, U, X") -> F, O, U, X | D13: =IFERROR(__xludf.DUMMYFUNCTION("TEXTJOIN("", "", TRUE, IFNA(FILTER(Cleanup!$B$2:$B1000, INDEX(Cleanup!$E$2:$AN1000, 0, MATCH($A13, Cleanup!$E$1:$AN$1, 0)) = D$1), """"))"),"A, C, E, G, M, Q, R") -> A, C, E, G, M, Q, R | E13: =IFERROR(__xludf.DUMMYFUNCTION("TEXTJOIN("", "", TRUE, IFNA(FILTER(Cleanup!$B$2:$B1000, INDEX(Cleanup!$E$2:$AN1000, 0, MATCH($A13, Cleanup!$E$1:$AN$1, 0)) = E$1), """"))"),"D, H, I, J, K, L, P, S") -> D, H, I, J, K, L, P, S
A14: CS 1520 | B14: =IFERROR(__xludf.DUMMYFUNCTION("TEXTJOIN("", "", TRUE, IFNA(FILTER(Cleanup!$B$2:$B1000, INDEX(Cleanup!$E$2:$AN1000, 0, MATCH($A14, Cleanup!$E$1:$AN$1, 0)) = B$1), """"))"),"B, D, K, N, O, S") -> B, D, K, N, O, S | C14: =IFERROR(__xludf.DUMMYFUNCTION("TEXTJOIN("", "", TRUE, IFNA(FILTER(Cleanup!$B$2:$B1000, INDEX(Cleanup!$E$2:$AN1000, 0, MATCH($A14, Cleanup!$E$1:$AN$1, 0)) = C$1), """"))"),"C, R, X") -> C, R, X | D14: =IFERROR(__xludf.DUMMYFUNCTION("TEXTJOIN("", "", TRUE, IFNA(FILTER(Cleanup!$B$2:$B1000, INDEX(Cleanup!$E$2:$AN1000, 0, MATCH($A14, Cleanup!$E$1:$AN$1, 0)) = D$1), """"))"),"A, E, F, J, P, Q, T, U, V") -> A, E, F, J, P, Q, T, U, V | E14: =IFERROR(__xludf.DUMMYFUNCTION("TEXTJOIN("", "", TRUE, IFNA(FILTER(Cleanup!$B$2:$B1000, INDEX(Cleanup!$E$2:$AN1000, 0, MATCH($A14, Cleanup!$E$1:$AN$1, 0)) = E$1), """"))"),"G, H, I, L, M") -> G, H, I, L, M
A15: CS 1530 | B15: =IFERROR(__xludf.DUMMYFUNCTION("TEXTJOIN("", "", TRUE, IFNA(FILTER(Cleanup!$B$2:$B1000, INDEX(Cleanup!$E$2:$AN1000, 0, MATCH($A15, Cleanup!$E$1:$AN$1, 0)) = B$1), """"))"),"D, K") -> D, K | C15: =IFERROR(__xludf.DUMMYFUNCTION("TEXTJOIN("", "", TRUE, IFNA(FILTER(Cleanup!$B$2:$B1000, INDEX(Cleanup!$E$2:$AN1000, 0, MATCH($A15, Cleanup!$E$1:$AN$1, 0)) = C$1), """"))"),"N, Q, R, X") -> N, Q, R, X | D15: =IFERROR(__xludf.DUMMYFUNCTION("TEXTJOIN("", "", TRUE, IFNA(FILTER(Cleanup!$B$2:$B1000, INDEX(Cleanup!$E$2:$AN1000, 0, MATCH($A15, Cleanup!$E$1:$AN$1, 0)) = D$1), """"))"),"A, B, C, E, F, G, I, J, M, O, T, U, V") -> A, B, C, E, F, G, I, J, M, O, T, U, V | E15: =IFERROR(__xludf.DUMMYFUNCTION("TEXTJOIN("", "", TRUE, IFNA(FILTER(Cleanup!$B$2:$B1000, INDEX(Cleanup!$E$2:$AN1000, 0, MATCH($A15, Cleanup!$E$1:$AN$1, 0)) = E$1), """"))"),"H, L, P, S") -> H, L, P, S
A16: CS 1550 | B16: =IFERROR(__xludf.DUMMYFUNCTION("TEXTJOIN("", "", TRUE, IFNA(FILTER(Cleanup!$B$2:$B1000, INDEX(Cleanup!$E$2:$AN1000, 0, MATCH($A16, Cleanup!$E$1:$AN$1, 0)) = B$1), """"))"),"B, O") -> B, O | C16: =IFERROR(__xludf.DUMMYFUNCTION("TEXTJOIN("", "", TRUE, IFNA(FILTER(Cleanup!$B$2:$B1000, INDEX(Cleanup!$E$2:$AN1000, 0, MATCH($A16, Cleanup!$E$1:$AN$1, 0)) = C$1), """"))"),"C, Q, U, X") -> C, Q, U, X | D16: =IFERROR(__xludf.DUMMYFUNCTION("TEXTJOIN("", "", TRUE, IFNA(FILTER(Cleanup!$B$2:$B1000, INDEX(Cleanup!$E$2:$AN1000, 0, MATCH($A16, Cleanup!$E$1:$AN$1, 0)) = D$1), """"))"),"A, E, F, M, R, T, V") -> A, E, F, M, R, T, V | E16: =IFERROR(__xludf.DUMMYFUNCTION("TEXTJOIN("", "", TRUE, IFNA(FILTER(Cleanup!$B$2:$B1000, INDEX(Cleanup!$E$2:$AN1000, 0, MATCH($A16, Cleanup!$E$1:$AN$1, 0)) = E$1), """"))"),"D, G, H, I, J, K, L, N, P, S") -> D, G, H, I, J, K, L, N, P, S
A17: CS 1555/2055 | B17: =IFERROR(__xludf.DUMMYFUNCTION("TEXTJOIN("", "", TRUE, IFNA(FILTER(Cleanup!$B$2:$B1000, INDEX(Cleanup!$E$2:$AN1000, 0, MATCH($A17, Cleanup!$E$1:$AN$1, 0)) = B$1), """"))"),"B, R, X") -> B, R, X | C17: =IFERROR(__xludf.DUMMYFUNCTION("TEXTJOIN("", "", TRUE, IFNA(FILTER(Cleanup!$B$2:$B1000, INDEX(Cleanup!$E$2:$AN1000, 0, MATCH($A17, Cleanup!$E$1:$AN$1, 0)) = C$1), """"))"),"T, U") -> T, U | D17: =IFERROR(__xludf.DUMMYFUNCTION("TEXTJOIN("", "", TRUE, IFNA(FILTER(Cleanup!$B$2:$B1000, INDEX(Cleanup!$E$2:$AN1000, 0, MATCH($A17, Cleanup!$E$1:$AN$1, 0)) = D$1), """"))"),"A, C, E, F, G, M, N, O, P, Q, S, V") -> A, C, E, F, G, M, N, O, P, Q, S, V | E17: =IFERROR(__xludf.DUMMYFUNCTION("TEXTJOIN("", "", TRUE, IFNA(FILTER(Cleanup!$B$2:$B1000, INDEX(Cleanup!$E$2:$AN1000, 0, MATCH($A17, Cleanup!$E$1:$AN$1, 0)) = E$1), """"))"),"D, H, I, J, K, L") -> D, H, I, J, K, L
A18: CS 1566 | B18: =IFERROR(__xludf.DUMMYFUNCTION("TEXTJOIN("", "", TRUE, IFNA(FILTER(Cleanup!$B$2:$B1000, INDEX(Cleanup!$E$2:$AN1000, 0, MATCH($A18, Cleanup!$E$1:$AN$1, 0)) = B$1), """"))"),"R") -> R | C18: =IFERROR(__xludf.DUMMYFUNCTION("TEXTJOIN("", "", TRUE, IFNA(FILTER(Cleanup!$B$2:$B1000, INDEX(Cleanup!$E$2:$AN1000, 0, MATCH($A18, Cleanup!$E$1:$AN$1, 0)) = C$1), """"))"),"T, X") -> T, X | D18: =IFERROR(__xludf.DUMMYFUNCTION("TEXTJOIN("", "", TRUE, IFNA(FILTER(Cleanup!$B$2:$B1000, INDEX(Cleanup!$E$2:$AN1000, 0, MATCH($A18, Cleanup!$E$1:$AN$1, 0)) = D$1), """"))"),"A, B, C, E, F, M, O, Q, S, U, V") -> A, B, C, E, F, M, O, Q, S, U, V | E18: =IFERROR(__xludf.DUMMYFUNCTION("TEXTJOIN("", "", TRUE, IFNA(FILTER(Cleanup!$B$2:$B1000, INDEX(Cleanup!$E$2:$AN1000, 0, MATCH($A18, Cleanup!$E$1:$AN$1, 0)) = E$1), """"))"),"D, G, H, I, J, K, L, N, P") -> D, G, H, I, J, K, L, N, P
A19: CS 1571 | B19: =IFERROR(__xludf.DUMMYFUNCTION("TEXTJOIN("", "", TRUE, IFNA(FILTER(Cleanup!$B$2:$B1000, INDEX(Cleanup!$E$2:$AN1000, 0, MATCH($A19, Cleanup!$E$1:$AN$1, 0)) = B$1), """"))"),"D, G, R, S, X") -> D, G, R, S, X | C19: =IFERROR(__xludf.DUMMYFUNCTION("TEXTJOIN("", "", TRUE, IFNA(FILTER(Cleanup!$B$2:$B1000, INDEX(Cleanup!$E$2:$AN1000, 0, MATCH($A19, Cleanup!$E$1:$AN$1, 0)) = C$1), """"))"),"E, F, H, J, N, O, P, Q, T, V") -> E, F, H, J, N, O, P, Q, T, V | D19: =IFERROR(__xludf.DUMMYFUNCTION("TEXTJOIN("", "", TRUE, IFNA(FILTER(Cleanup!$B$2:$B1000, INDEX(Cleanup!$E$2:$AN1000, 0, MATCH($A19, Cleanup!$E$1:$AN$1, 0)) = D$1), """"))"),"A, B, C, I, L, U") -> A, B, C, I, L, U | E19: =IFERROR(__xludf.DUMMYFUNCTION("TEXTJOIN("", "", TRUE, IFNA(FILTER(Cleanup!$B$2:$B1000, INDEX(Cleanup!$E$2:$AN1000, 0, MATCH($A19, Cleanup!$E$1:$AN$1, 0)) = E$1), """"))"),"K, M") -> K, M
A20: CS 1632 | B20: =IFERROR(__xludf.DUMMYFUNCTION("TEXTJOIN("", "", TRUE, IFNA(FILTER(Cleanup!$B$2:$B1000, INDEX(Cleanup!$E$2:$AN1000, 0, MATCH($A20, Cleanup!$E$1:$AN$1, 0)) = B$1), """"))"),"D, P") -> D, P | C20: =IFERROR(__xludf.DUMMYFUNCTION("TEXTJOIN("", "", TRUE, IFNA(FILTER(Cleanup!$B$2:$B1000, INDEX(Cleanup!$E$2:$AN1000, 0, MATCH($A20, Cleanup!$E$1:$AN$1, 0)) = C$1), """"))"),"N, Q, R") -> N, Q, R | D20: =IFERROR(__xludf.DUMMYFUNCTION("TEXTJOIN("", "", TRUE, IFNA(FILTER(Cleanup!$B$2:$B1000, INDEX(Cleanup!$E$2:$AN1000, 0, MATCH($A20, Cleanup!$E$1:$AN$1, 0)) = D$1), """"))"),"A, B, C, E, F, G, J, K, O, S, T, U, V, X") -> A, B, C, E, F, G, J, K, O, S, T, U, V, X | E20: =IFERROR(__xludf.DUMMYFUNCTION("TEXTJOIN("", "", TRUE, IFNA(FILTER(Cleanup!$B$2:$B1000, INDEX(Cleanup!$E$2:$AN1000, 0, MATCH($A20, Cleanup!$E$1:$AN$1, 0)) = E$1), """"))"),"H, I, L, M") -> H, I, L, M
A21: CS 1635/2035 | B21: =IFERROR(__xludf.DUMMYFUNCTION("TEXTJOIN("", "", TRUE, IFNA(FILTER(Cleanup!$B$2:$B1000, INDEX(Cleanup!$E$2:$AN1000, 0, MATCH($A21, Cleanup!$E$1:$AN$1, 0)) = B$1), """"))"),"A, D, K, T") -> A, D, K, T | C21: =IFERROR(__xludf.DUMMYFUNCTION("TEXTJOIN("", "", TRUE, IFNA(FILTER(Cleanup!$B$2:$B1000, INDEX(Cleanup!$E$2:$AN1000, 0, MATCH($A21, Cleanup!$E$1:$AN$1, 0)) = C$1), """"))"),"M, N") -> M, N | D21: =IFERROR(__xludf.DUMMYFUNCTION("TEXTJOIN("", "", TRUE, IFNA(FILTER(Cleanup!$B$2:$B1000, INDEX(Cleanup!$E$2:$AN1000, 0, MATCH($A21, Cleanup!$E$1:$AN$1, 0)) = D$1), """"))"),"B, C, E, F, J, O, Q, R, U, V, X") -> B, C, E, F, J, O, Q, R, U, V, X | E21: =IFERROR(__xludf.DUMMYFUNCTION("TEXTJOIN("", "", TRUE, IFNA(FILTER(Cleanup!$B$2:$B1000, INDEX(Cleanup!$E$2:$AN1000, 0, MATCH($A21, Cleanup!$E$1:$AN$1, 0)) = E$1), """"))"),"G, H, I, L, P, S") -> G, H, I, L, P, S
A22: CS 1980/1640 | B22: =IFERROR(__xludf.DUMMYFUNCTION("TEXTJOIN("", "", TRUE, IFNA(FILTER(Cleanup!$B$2:$B1000, INDEX(Cleanup!$E$2:$AN1000, 0, MATCH($A22, Cleanup!$E$1:$AN$1, 0)) = B$1), """"))"),"D, Q, T") -> D, Q, T | C22: =IFERROR(__xludf.DUMMYFUNCTION("TEXTJOIN("", "", TRUE, IFNA(FILTER(Cleanup!$B$2:$B1000, INDEX(Cleanup!$E$2:$AN1000, 0, MATCH($A22, Cleanup!$E$1:$AN$1, 0)) = C$1), """"))"),"G, K, R, X") -> G, K, R, X | D22: =IFERROR(__xludf.DUMMYFUNCTION("TEXTJOIN("", "", TRUE, IFNA(FILTER(Cleanup!$B$2:$B1000, INDEX(Cleanup!$E$2:$AN1000, 0, MATCH($A22, Cleanup!$E$1:$AN$1, 0)) = D$1), """"))"),"A, B, C, E, F, I, N, O, U, V") -> A, B, C, E, F, I, N, O, U, V | E22: =IFERROR(__xludf.DUMMYFUNCTION("TEXTJOIN("", "", TRUE, IFNA(FILTER(Cleanup!$B$2:$B1000, INDEX(Cleanup!$E$2:$AN1000, 0, MATCH($A22, Cleanup!$E$1:$AN$1, 0)) = E$1), """"))"),"H, J, L, M, P, S") -> H, J, L, M, P, S
A23: CS 1656 | B23: =IFERROR(__xludf.DUMMYFUNCTION("TEXTJOIN("", "", TRUE, IFNA(FILTER(Cleanup!$B$2:$B1000, INDEX(Cleanup!$E$2:$AN1000, 0, MATCH($A23, Cleanup!$E$1:$AN$1, 0)) = B$1), """"))"),"A, B, C, D, J, R, S, T, X") -> A, B, C, D, J, R, S, T, X | C23: =IFERROR(__xludf.DUMMYFUNCTION("TEXTJOIN("", "", TRUE, IFNA(FILTER(Cleanup!$B$2:$B1000, INDEX(Cleanup!$E$2:$AN1000, 0, MATCH($A23, Cleanup!$E$1:$AN$1, 0)) = C$1), """"))"),"E, F, H, N, U") -> E, F, H, N, U | D23: =IFERROR(__xludf.DUMMYFUNCTION("TEXTJOIN("", "", TRUE, IFNA(FILTER(Cleanup!$B$2:$B1000, INDEX(Cleanup!$E$2:$AN1000, 0, MATCH($A23, Cleanup!$E$1:$AN$1, 0)) = D$1), """"))"),"G, I, M, O, P, Q, V") -> G, I, M, O, P, Q, V | E23: =IFERROR(__xludf.DUMMYFUNCTION("TEXTJOIN("", "", TRUE, IFNA(FILTER(Cleanup!$B$2:$B1000, INDEX(Cleanup!$E$2:$AN1000, 0, MATCH($A23, Cleanup!$E$1:$AN$1, 0)) = E$1), """"))"),"K, L") -> K, L
A24: CS 1660/2060 | B24: =IFERROR(__xludf.DUMMYFUNCTION("TEXTJOIN("", "", TRUE, IFNA(FILTER(Cleanup!$B$2:$B1000, INDEX(Cleanup!$E$2:$AN1000, 0, MATCH($A24, Cleanup!$E$1:$AN$1, 0)) = B$1), """"))"),"D, R, S") -> D, R, S | C24: =IFERROR(__xludf.DUMMYFUNCTION("TEXTJOIN("", "", TRUE, IFNA(FILTER(Cleanup!$B$2:$B1000, INDEX(Cleanup!$E$2:$AN1000, 0, MATCH($A24, Cleanup!$E$1:$AN$1, 0)) = C$1), """"))"),"B, N, T, X") -> B, N, T, X | D24: =IFERROR(__xludf.DUMMYFUNCTION("TEXTJOIN("", "", TRUE, IFNA(FILTER(Cleanup!$B$2:$B1000, INDEX(Cleanup!$E$2:$AN1000, 0, MATCH($A24, Cleanup!$E$1:$AN$1, 0)) = D$1), """"))"),"A, C, E, F, G, O, Q, U, V") -> A, C, E, F, G, O, Q, U, V | E24: =IFERROR(__xludf.DUMMYFUNCTION("TEXTJOIN("", "", TRUE, IFNA(FILTER(Cleanup!$B$2:$B1000, INDEX(Cleanup!$E$2:$AN1000, 0, MATCH($A24, Cleanup!$E$1:$AN$1, 0)) = E$1), """"))"),"H, I, J, K, L, M, P") -> H, I, J, K, L, M, P
A25: CS 1666 | B25: =IFERROR(__xludf.DUMMYFUNCTION("TEXTJOIN("", "", TRUE, IFNA(FILTER(Cleanup!$B$2:$B1000, INDEX(Cleanup!$E$2:$AN1000, 0, MATCH($A25, Cleanup!$E$1:$AN$1, 0)) = B$1), """"))"),"D, X") -> D, X | C25: =IFERROR(__xludf.DUMMYFUNCTION("TEXTJOIN("", "", TRUE, IFNA(FILTER(Cleanup!$B$2:$B1000, INDEX(Cleanup!$E$2:$AN1000, 0, MATCH($A25, Cleanup!$E$1:$AN$1, 0)) = C$1), """"))"),"B, O, R, T") -> B, O, R, T | D25: =IFERROR(__xludf.DUMMYFUNCTION("TEXTJOIN("", "", TRUE, IFNA(FILTER(Cleanup!$B$2:$B1000, INDEX(Cleanup!$E$2:$AN1000, 0, MATCH($A25, Cleanup!$E$1:$AN$1, 0)) = D$1), """"))"),"A, C, E, F, N, Q, U, V") -> A, C, E, F, N, Q, U, V | E25: =IFERROR(__xludf.DUMMYFUNCTION("TEXTJOIN("", "", TRUE, IFNA(FILTER(Cleanup!$B$2:$B1000, INDEX(Cleanup!$E$2:$AN1000, 0, MATCH($A25, Cleanup!$E$1:$AN$1, 0)) = E$1), """"))"),"G, H, I, J, K, L, M, P, S") -> G, H, I, J, K, L, M, P, S
A26: CS 1671/2071 | B26: =IFERROR(__xludf.DUMMYFUNCTION("TEXTJOIN("", "", TRUE, IFNA(FILTER(Cleanup!$B$2:$B1000, INDEX(Cleanup!$E$2:$AN1000, 0, MATCH($A26, Cleanup!$E$1:$AN$1, 0)) = B$1), """"))"),"A, D, G, H, K, P, S, T") -> A, D, G, H, K, P, S, T | C26: =IFERROR(__xludf.DUMMYFUNCTION("TEXTJOIN("", "", TRUE, IFNA(FILTER(Cleanup!$B$2:$B1000, INDEX(Cleanup!$E$2:$AN1000, 0, MATCH($A26, Cleanup!$E$1:$AN$1, 0)) = C$1), """"))"),"B, E, I, J, N, O, R, X") -> B, E, I, J, N, O, R, X | D26: =IFERROR(__xludf.DUMMYFUNCTION("TEXTJOIN("", "", TRUE, IFNA(FILTER(Cleanup!$B$2:$B1000, INDEX(Cleanup!$E$2:$AN1000, 0, MATCH($A26, Cleanup!$E$1:$AN$1, 0)) = D$1), """"))"),"C, F, Q, U, V") -> C, F, Q, U, V | E26: =IFERROR(__xludf.DUMMYFUNCTION("TEXTJOIN("", "", TRUE, IFNA(FILTER(Cleanup!$B$2:$B1000, INDEX(Cleanup!$E$2:$AN1000, 0, MATCH($A26, Cleanup!$E$1:$AN$1, 0)) = E$1), """"))"),"L, M") -> L, M
A27: CS 1674/2074 | B27: =IFERROR(__xludf.DUMMYFUNCTION("TEXTJOIN("", "", TRUE, IFNA(FILTER(Cleanup!$B$2:$B1000, INDEX(Cleanup!$E$2:$AN1000, 0, MATCH($A27, Cleanup!$E$1:$AN$1, 0)) = B$1), """"))"),"A, D, F, P, R, T, X") -> A, D, F, P, R, T, X | C27: =IFERROR(__xludf.DUMMYFUNCTION("TEXTJOIN("", "", TRUE, IFNA(FILTER(Cleanup!$B$2:$B1000, INDEX(Cleanup!$E$2:$AN1000, 0, MATCH($A27, Cleanup!$E$1:$AN$1, 0)) = C$1), """"))"),"B, E, I") -> B, E, I | D27: =IFERROR(__xludf.DUMMYFUNCTION("TEXTJOIN("", "", TRUE, IFNA(FILTER(Cleanup!$B$2:$B1000, INDEX(Cleanup!$E$2:$AN1000, 0, MATCH($A27, Cleanup!$E$1:$AN$1, 0)) = D$1), """"))"),"C, G, J, K, O, Q, U, V") -> C, G, J, K, O, Q, U, V | E27: =IFERROR(__xludf.DUMMYFUNCTION("TEXTJOIN("", "", TRUE, IFNA(FILTER(Cleanup!$B$2:$B1000, INDEX(Cleanup!$E$2:$AN1000, 0, MATCH($A27, Cleanup!$E$1:$AN$1, 0)) = E$1), """"))"),"H, L, M, N, S") -> H, L, M, N, S
A28: CS 1675/2075 | B28: =IFERROR(__xludf.DUMMYFUNCTION("TEXTJOIN("", "", TRUE, IFNA(FILTER(Cleanup!$B$2:$B1000, INDEX(Cleanup!$E$2:$AN1000, 0, MATCH($A28, Cleanup!$E$1:$AN$1, 0)) = B$1), """"))"),"A, D, P, R, T, X") -> A, D, P, R, T, X | C28: =IFERROR(__xludf.DUMMYFUNCTION("TEXTJOIN("", "", TRUE, IFNA(FILTER(Cleanup!$B$2:$B1000, INDEX(Cleanup!$E$2:$AN1000, 0, MATCH($A28, Cleanup!$E$1:$AN$1, 0)) = C$1), """"))"),"B, E, G, H, J, K, L, O, S, U, V") -> B, E, G, H, J, K, L, O, S, U, V | D28: =IFERROR(__xludf.DUMMYFUNCTION("TEXTJOIN("", "", TRUE, IFNA(FILTER(Cleanup!$B$2:$B1000, INDEX(Cleanup!$E$2:$AN1000, 0, MATCH($A28, Cleanup!$E$1:$AN$1, 0)) = D$1), """"))"),"C, I, N, Q") -> C, I, N, Q | E28: =IFERROR(__xludf.DUMMYFUNCTION("TEXTJOIN("", "", TRUE, IFNA(FILTER(Cleanup!$B$2:$B1000, INDEX(Cleanup!$E$2:$AN1000, 0, MATCH($A28, Cleanup!$E$1:$AN$1, 0)) = E$1), """"))"),"F, M") -> F, M
A29: CS 1684/2084 | B29: =IFERROR(__xludf.DUMMYFUNCTION("TEXTJOIN("", "", TRUE, IFNA(FILTER(Cleanup!$B$2:$B1000, INDEX(Cleanup!$E$2:$AN1000, 0, MATCH($A29, Cleanup!$E$1:$AN$1, 0)) = B$1), """"))"),"A, D, G, K, P, T") -> A, D, G, K, P, T | C29: =IFERROR(__xludf.DUMMYFUNCTION("TEXTJOIN("", "", TRUE, IFNA(FILTER(Cleanup!$B$2:$B1000, INDEX(Cleanup!$E$2:$AN1000, 0, MATCH($A29, Cleanup!$E$1:$AN$1, 0)) = C$1), """"))"),"B, I, N, O, R, X") -> B, I, N, O, R, X | D29: =IFERROR(__xludf.DUMMYFUNCTION("TEXTJOIN("", "", TRUE, IFNA(FILTER(Cleanup!$B$2:$B1000, INDEX(Cleanup!$E$2:$AN1000, 0, MATCH($A29, Cleanup!$E$1:$AN$1, 0)) = D$1), """"))"),"C, E, F, J, M, Q, S, U, V") -> C, E, F, J, M, Q, S, U, V | E29: =IFERROR(__xludf.DUMMYFUNCTION("TEXTJOIN("", "", TRUE, IFNA(FILTER(Cleanup!$B$2:$B1000, INDEX(Cleanup!$E$2:$AN1000, 0, MATCH($A29, Cleanup!$E$1:$AN$1, 0)) = E$1), """"))"),"H, L") -> H, L
A30: CS 1699 | B30: =IFERROR(__xludf.DUMMYFUNCTION("TEXTJOIN("", "", TRUE, IFNA(FILTER(Cleanup!$B$2:$B1000, INDEX(Cleanup!$E$2:$AN1000, 0, MATCH($A30, Cleanup!$E$1:$AN$1, 0)) = B$1), """"))"),"D, K, R, T") -> D, K, R, T | C30: =IFERROR(__xludf.DUMMYFUNCTION("TEXTJOIN("", "", TRUE, IFNA(FILTER(Cleanup!$B$2:$B1000, INDEX(Cleanup!$E$2:$AN1000, 0, MATCH($A30, Cleanup!$E$1:$AN$1, 0)) = C$1), """"))"),"A, B, G, I, N, X") -> A, B, G, I, N, X | D30: =IFERROR(__xludf.DUMMYFUNCTION("TEXTJOIN("", "", TRUE, IFNA(FILTER(Cleanup!$B$2:$B1000, INDEX(Cleanup!$E$2:$AN1000, 0, MATCH($A30, Cleanup!$E$1:$AN$1, 0)) = D$1), """"))"),"C, E, F, O, P, Q, U, V") -> C, E, F, O, P, Q, U, V | E30: =IFERROR(__xludf.DUMMYFUNCTION("TEXTJOIN("", "", TRUE, IFNA(FILTER(Cleanup!$B$2:$B1000, INDEX(Cleanup!$E$2:$AN1000, 0, MATCH($A30, Cleanup!$E$1:$AN$1, 0)) = E$1), """"))"),"H, J, L, M, S") -> H, J, L, M, S
A31: CS 1900/1950 | B31: =IFERROR(__xludf.DUMMYFUNCTION("TEXTJOIN("", "", TRUE, IFNA(FILTER(Cleanup!$B$2:$B1000, INDEX(Cleanup!$E$2:$AN1000, 0, MATCH($A31, Cleanup!$E$1:$AN$1, 0)) = B$1), """"))"),"D, M, P, Q, T") -> D, M, P, Q, T | C31: =IFERROR(__xludf.DUMMYFUNCTION("TEXTJOIN("", "", TRUE, IFNA(FILTER(Cleanup!$B$2:$B1000, INDEX(Cleanup!$E$2:$AN1000, 0, MATCH($A31, Cleanup!$E$1:$AN$1, 0)) = C$1), """"))"),"B, G, I, N, R, X") -> B, G, I, N, R, X | D31: =IFERROR(__xludf.DUMMYFUNCTION("TEXTJOIN("", "", TRUE, IFNA(FILTER(Cleanup!$B$2:$B1000, INDEX(Cleanup!$E$2:$AN1000, 0, MATCH($A31, Cleanup!$E$1:$AN$1, 0)) = D$1), """"))"),"A, C, E, F, O, U, V") -> A, C, E, F, O, U, V | E31: =IFERROR(__xludf.DUMMYFUNCTION("TEXTJOIN("", "", TRUE, IFNA(FILTER(Cleanup!$B$2:$B1000, INDEX(Cleanup!$E$2:$AN1000, 0, MATCH($A31, Cleanup!$E$1:$AN$1, 0)) = E$1), """"))"),"H, J, K, L, S") -> H, J, K, L, S
A32: CS 2210 | B32: =IFERROR(__xludf.DUMMYFUNCTION("TEXTJOIN("", "", TRUE, IFNA(FILTER(Cleanup!$B$2:$B1000, INDEX(Cleanup!$E$2:$AN1000, 0, MATCH($A32, Cleanup!$E$1:$AN$1, 0)) = B$1), """"))"),"O") -> O | C32: =IFERROR(__xludf.DUMMYFUNCTION("TEXTJOIN("", "", TRUE, IFNA(FILTER(Cleanup!$B$2:$B1000, INDEX(Cleanup!$E$2:$AN1000, 0, MATCH($A32, Cleanup!$E$1:$AN$1, 0)) = C$1), """"))"),"N, S") -> N, S | D32: =IFERROR(__xludf.DUMMYFUNCTION("TEXTJOIN("", "", TRUE, IFNA(FILTER(Cleanup!$B$2:$B1000, INDEX(Cleanup!$E$2:$AN1000, 0, MATCH($A32, Cleanup!$E$1:$AN$1, 0)) = D$1), """"))"),"A, B, C, E, F, M, P, Q, T, U, V, X") -> A, B, C, E, F, M, P, Q, T, U, V, X | E32: =IFERROR(__xludf.DUMMYFUNCTION("TEXTJOIN("", "", TRUE, IFNA(FILTER(Cleanup!$B$2:$B1000, INDEX(Cleanup!$E$2:$AN1000, 0, MATCH($A32, Cleanup!$E$1:$AN$1, 0)) = E$1), """"))"),"D, G, H, I, J, K, L, R") -> D, G, H, I, J, K, L, R
A33: CS 2520 | B33: =IFERROR(__xludf.DUMMYFUNCTION("TEXTJOIN("", "", TRUE, IFNA(FILTER(Cleanup!$B$2:$B1000, INDEX(Cleanup!$E$2:$AN1000, 0, MATCH($A33, Cleanup!$E$1:$AN$1, 0)) = B$1), """"))"),"") | C33: =IFERROR(__xludf.DUMMYFUNCTION("TEXTJOIN("", "", TRUE, IFNA(FILTER(Cleanup!$B$2:$B1000, INDEX(Cleanup!$E$2:$AN1000, 0, MATCH($A33, Cleanup!$E$1:$AN$1, 0)) = C$1), """"))"),"B, G, T, V") -> B, G, T, V | D33: =IFERROR(__xludf.DUMMYFUNCTION("TEXTJOIN("", "", TRUE, IFNA(FILTER(Cleanup!$B$2:$B1000, INDEX(Cleanup!$E$2:$AN1000, 0, MATCH($A33, Cleanup!$E$1:$AN$1, 0)) = D$1), """"))"),"A, C, F, O, Q, R, S, U, X") -> A, C, F, O, Q, R, S, U, X | E33: =IFERROR(__xludf.DUMMYFUNCTION("TEXTJOIN("", "", TRUE, IFNA(FILTER(Cleanup!$B$2:$B1000, INDEX(Cleanup!$E$2:$AN1000, 0, MATCH($A33, Cleanup!$E$1:$AN$1, 0)) = E$1), """"))"),"D, E, H, I, J, K, L, M, N, P") -> D, E, H, I, J, K, L, M, N, P
A34: CS 2710 | B34: =IFERROR(__xludf.DUMMYFUNCTION("TEXTJOIN("", "", TRUE, IFNA(FILTER(Cleanup!$B$2:$B1000, INDEX(Cleanup!$E$2:$AN1000, 0, MATCH($A34, Cleanup!$E$1:$AN$1, 0)) = B$1), """"))"),"A, D, E, G, I, T, X") -> A, D, E, G, I, T, X | C34: =IFERROR(__xludf.DUMMYFUNCTION("TEXTJOIN("", "", TRUE, IFNA(FILTER(Cleanup!$B$2:$B1000, INDEX(Cleanup!$E$2:$AN1000, 0, MATCH($A34, Cleanup!$E$1:$AN$1, 0)) = C$1), """"))"),"B, L, N, O, R, S, V") -> B, L, N, O, R, S, V | D34: =IFERROR(__xludf.DUMMYFUNCTION("TEXTJOIN("", "", TRUE, IFNA(FILTER(Cleanup!$B$2:$B1000, INDEX(Cleanup!$E$2:$AN1000, 0, MATCH($A34, Cleanup!$E$1:$AN$1, 0)) = D$1), """"))"),"C, F, J, P, Q, U") -> C, F, J, P, Q, U | E34: =IFERROR(__xludf.DUMMYFUNCTION("TEXTJOIN("", "", TRUE, IFNA(FILTER(Cleanup!$B$2:$B1000, INDEX(Cleanup!$E$2:$AN1000, 0, MATCH($A34, Cleanup!$E$1:$AN$1, 0)) = E$1), """"))"),"H, K, M") -> H, K, M
A35: CS 2731 | B35: =IFERROR(__xludf.DUMMYFUNCTION("TEXTJOIN("", "", TRUE, IFNA(FILTER(Cleanup!$B$2:$B1000, INDEX(Cleanup!$E$2:$AN1000, 0, MATCH($A35, Cleanup!$E$1:$AN$1, 0)) = B$1), """"))"),"A, D, G, I, L, O, P, R, S, T, X") -> A, D, G, I, L, O, P, R, S, T, X | C35: =IFERROR(__xludf.DUMMYFUNCTION("TEXTJOIN("", "", TRUE, IFNA(FILTER(Cleanup!$B$2:$B1000, INDEX(Cleanup!$E$2:$AN1000, 0, MATCH($A35, Cleanup!$E$1:$AN$1, 0)) = C$1), """"))"),"B, E, J, K, N") -> B, E, J, K, N | D35: =IFERROR(__xludf.DUMMYFUNCTION("TEXTJOIN("", "", TRUE, IFNA(FILTER(Cleanup!$B$2:$B1000, INDEX(Cleanup!$E$2:$AN1000, 0, MATCH($A35, Cleanup!$E$1:$AN$1, 0)) = D$1), """"))"),"C, F, Q, U, V") -> C, F, Q, U, V | E35: =IFERROR(__xludf.DUMMYFUNCTION("TEXTJOIN("", "", TRUE, IFNA(FILTER(Cleanup!$B$2:$B1000, INDEX(Cleanup!$E$2:$AN1000, 0, MATCH($A35, Cleanup!$E$1:$AN$1, 0)) = E$1), """"))"),"H, M") -> H, M
A36: CS 2750 | B36: =IFERROR(__xludf.DUMMYFUNCTION("TEXTJOIN("", "", TRUE, IFNA(FILTER(Cleanup!$B$2:$B1000, INDEX(Cleanup!$E$2:$AN1000, 0, MATCH($A36, Cleanup!$E$1:$AN$1, 0)) = B$1), """"))"),"A, D, E, F, G, I, R, T") -> A, D, E, F, G, I, R, T | C36: =IFERROR(__xludf.DUMMYFUNCTION("TEXTJOIN("", "", TRUE, IFNA(FILTER(Cleanup!$B$2:$B1000, INDEX(Cleanup!$E$2:$AN1000, 0, MATCH($A36, Cleanup!$E$1:$AN$1, 0)) = C$1), """"))"),"B, N, O, P, V") -> B, N, O, P, V | D36: =IFERROR(__xludf.DUMMYFUNCTION("TEXTJOIN("", "", TRUE, IFNA(FILTER(Cleanup!$B$2:$B1000, INDEX(Cleanup!$E$2:$AN1000, 0, MATCH($A36, Cleanup!$E$1:$AN$1, 0)) = D$1), """"))"),"C, J, K, L, Q, S, U") -> C, J, K, L, Q, S, U | E36: =IFERROR(__xludf.DUMMYFUNCTION("TEXTJOIN("", "", TRUE, IFNA(FILTER(Cleanup!$B$2:$B1000, INDEX(Cleanup!$E$2:$AN1000, 0, MATCH($A36, Cleanup!$E$1:$AN$1, 0)) = E$1), """"))"),"H, M, X") -> H, M, X
A37: CS 2893 | B37: =IFERROR(__xludf.DUMMYFUNCTION("TEXTJOIN("", "", TRUE, IFNA(FILTER(Cleanup!$B$2:$B1000, INDEX(Cleanup!$E$2:$AN1000, 0, MATCH($A37, Cleanup!$E$1:$AN$1, 0)) = B$1), """"))"),"V") -> V | C37: =IFERROR(__xludf.DUMMYFUNCTION("TEXTJOIN("", "", TRUE, IFNA(FILTER(Cleanup!$B$2:$B1000, INDEX(Cleanup!$E$2:$AN1000, 0, MATCH($A37, Cleanup!$E$1:$AN$1, 0)) = C$1), """"))"),"O, T") -> O, T | D37: =IFERROR(__xludf.DUMMYFUNCTION("TEXTJOIN("", "", TRUE, IFNA(FILTER(Cleanup!$B$2:$B1000, INDEX(Cleanup!$E$2:$AN1000, 0, MATCH($A37, Cleanup!$E$1:$AN$1, 0)) = D$1), """"))"),"A, B, C, F, Q, R, U") -> A, B, C, F, Q, R, U | E37: =IFERROR(__xludf.DUMMYFUNCTION("TEXTJOIN("", "", TRUE, IFNA(FILTER(Cleanup!$B$2:$B1000, INDEX(Cleanup!$E$2:$AN1000, 0, MATCH($A37, Cleanup!$E$1:$AN$1, 0)) = E$1), """"))"),"D, E, G, H, I, J, K, L, M, N, P, S, X") -> D, E, G, H, I, J, K, L, M, N, P, S, X
